--
-- PostgreSQL database dump
--

-- Dumped from database version 15.12 (Debian 15.12-1.pgdg120+1)
-- Dumped by pg_dump version 15.12 (Debian 15.12-1.pgdg120+1)

SET statement_timeout = 0;
SET lock_timeout = 0;
SET idle_in_transaction_session_timeout = 0;
SET client_encoding = 'UTF8';
SET standard_conforming_strings = on;
SELECT pg_catalog.set_config('search_path', '', false);
SET check_function_bodies = false;
SET xmloption = content;
SET client_min_messages = warning;
SET row_security = off;

SET default_tablespace = '';

SET default_table_access_method = heap;

--
-- Name: account_emailaddress; Type: TABLE; Schema: public; Owner: XZelrAJNENgZthpxZSGUaCJvwLVJJslR
--

CREATE TABLE public.account_emailaddress (
    id integer NOT NULL,
    email character varying(254) NOT NULL,
    verified boolean NOT NULL,
    "primary" boolean NOT NULL,
    user_id bigint NOT NULL
);


ALTER TABLE public.account_emailaddress OWNER TO "XZelrAJNENgZthpxZSGUaCJvwLVJJslR";

--
-- Name: account_emailaddress_id_seq; Type: SEQUENCE; Schema: public; Owner: XZelrAJNENgZthpxZSGUaCJvwLVJJslR
--

ALTER TABLE public.account_emailaddress ALTER COLUMN id ADD GENERATED BY DEFAULT AS IDENTITY (
    SEQUENCE NAME public.account_emailaddress_id_seq
    START WITH 1
    INCREMENT BY 1
    NO MINVALUE
    NO MAXVALUE
    CACHE 1
);


--
-- Name: account_emailconfirmation; Type: TABLE; Schema: public; Owner: XZelrAJNENgZthpxZSGUaCJvwLVJJslR
--

CREATE TABLE public.account_emailconfirmation (
    id integer NOT NULL,
    created timestamp with time zone NOT NULL,
    sent timestamp with time zone,
    key character varying(64) NOT NULL,
    email_address_id integer NOT NULL
);


ALTER TABLE public.account_emailconfirmation OWNER TO "XZelrAJNENgZthpxZSGUaCJvwLVJJslR";

--
-- Name: account_emailconfirmation_id_seq; Type: SEQUENCE; Schema: public; Owner: XZelrAJNENgZthpxZSGUaCJvwLVJJslR
--

ALTER TABLE public.account_emailconfirmation ALTER COLUMN id ADD GENERATED BY DEFAULT AS IDENTITY (
    SEQUENCE NAME public.account_emailconfirmation_id_seq
    START WITH 1
    INCREMENT BY 1
    NO MINVALUE
    NO MAXVALUE
    CACHE 1
);


--
-- Name: auth_group; Type: TABLE; Schema: public; Owner: XZelrAJNENgZthpxZSGUaCJvwLVJJslR
--

CREATE TABLE public.auth_group (
    id integer NOT NULL,
    name character varying(150) NOT NULL
);


ALTER TABLE public.auth_group OWNER TO "XZelrAJNENgZthpxZSGUaCJvwLVJJslR";

--
-- Name: auth_group_id_seq; Type: SEQUENCE; Schema: public; Owner: XZelrAJNENgZthpxZSGUaCJvwLVJJslR
--

ALTER TABLE public.auth_group ALTER COLUMN id ADD GENERATED BY DEFAULT AS IDENTITY (
    SEQUENCE NAME public.auth_group_id_seq
    START WITH 1
    INCREMENT BY 1
    NO MINVALUE
    NO MAXVALUE
    CACHE 1
);


--
-- Name: auth_group_permissions; Type: TABLE; Schema: public; Owner: XZelrAJNENgZthpxZSGUaCJvwLVJJslR
--

CREATE TABLE public.auth_group_permissions (
    id bigint NOT NULL,
    group_id integer NOT NULL,
    permission_id integer NOT NULL
);


ALTER TABLE public.auth_group_permissions OWNER TO "XZelrAJNENgZthpxZSGUaCJvwLVJJslR";

--
-- Name: auth_group_permissions_id_seq; Type: SEQUENCE; Schema: public; Owner: XZelrAJNENgZthpxZSGUaCJvwLVJJslR
--

ALTER TABLE public.auth_group_permissions ALTER COLUMN id ADD GENERATED BY DEFAULT AS IDENTITY (
    SEQUENCE NAME public.auth_group_permissions_id_seq
    START WITH 1
    INCREMENT BY 1
    NO MINVALUE
    NO MAXVALUE
    CACHE 1
);


--
-- Name: auth_permission; Type: TABLE; Schema: public; Owner: XZelrAJNENgZthpxZSGUaCJvwLVJJslR
--

CREATE TABLE public.auth_permission (
    id integer NOT NULL,
    name character varying(255) NOT NULL,
    content_type_id integer NOT NULL,
    codename character varying(100) NOT NULL
);


ALTER TABLE public.auth_permission OWNER TO "XZelrAJNENgZthpxZSGUaCJvwLVJJslR";

--
-- Name: auth_permission_id_seq; Type: SEQUENCE; Schema: public; Owner: XZelrAJNENgZthpxZSGUaCJvwLVJJslR
--

ALTER TABLE public.auth_permission ALTER COLUMN id ADD GENERATED BY DEFAULT AS IDENTITY (
    SEQUENCE NAME public.auth_permission_id_seq
    START WITH 1
    INCREMENT BY 1
    NO MINVALUE
    NO MAXVALUE
    CACHE 1
);


--
-- Name: django_admin_log; Type: TABLE; Schema: public; Owner: XZelrAJNENgZthpxZSGUaCJvwLVJJslR
--

CREATE TABLE public.django_admin_log (
    id integer NOT NULL,
    action_time timestamp with time zone NOT NULL,
    object_id text,
    object_repr character varying(200) NOT NULL,
    action_flag smallint NOT NULL,
    change_message text NOT NULL,
    content_type_id integer,
    user_id bigint NOT NULL,
    CONSTRAINT django_admin_log_action_flag_check CHECK ((action_flag >= 0))
);


ALTER TABLE public.django_admin_log OWNER TO "XZelrAJNENgZthpxZSGUaCJvwLVJJslR";

--
-- Name: django_admin_log_id_seq; Type: SEQUENCE; Schema: public; Owner: XZelrAJNENgZthpxZSGUaCJvwLVJJslR
--

ALTER TABLE public.django_admin_log ALTER COLUMN id ADD GENERATED BY DEFAULT AS IDENTITY (
    SEQUENCE NAME public.django_admin_log_id_seq
    START WITH 1
    INCREMENT BY 1
    NO MINVALUE
    NO MAXVALUE
    CACHE 1
);


--
-- Name: django_content_type; Type: TABLE; Schema: public; Owner: XZelrAJNENgZthpxZSGUaCJvwLVJJslR
--

CREATE TABLE public.django_content_type (
    id integer NOT NULL,
    app_label character varying(100) NOT NULL,
    model character varying(100) NOT NULL
);


ALTER TABLE public.django_content_type OWNER TO "XZelrAJNENgZthpxZSGUaCJvwLVJJslR";

--
-- Name: django_content_type_id_seq; Type: SEQUENCE; Schema: public; Owner: XZelrAJNENgZthpxZSGUaCJvwLVJJslR
--

ALTER TABLE public.django_content_type ALTER COLUMN id ADD GENERATED BY DEFAULT AS IDENTITY (
    SEQUENCE NAME public.django_content_type_id_seq
    START WITH 1
    INCREMENT BY 1
    NO MINVALUE
    NO MAXVALUE
    CACHE 1
);


--
-- Name: django_migrations; Type: TABLE; Schema: public; Owner: XZelrAJNENgZthpxZSGUaCJvwLVJJslR
--

CREATE TABLE public.django_migrations (
    id bigint NOT NULL,
    app character varying(255) NOT NULL,
    name character varying(255) NOT NULL,
    applied timestamp with time zone NOT NULL
);


ALTER TABLE public.django_migrations OWNER TO "XZelrAJNENgZthpxZSGUaCJvwLVJJslR";

--
-- Name: django_migrations_id_seq; Type: SEQUENCE; Schema: public; Owner: XZelrAJNENgZthpxZSGUaCJvwLVJJslR
--

ALTER TABLE public.django_migrations ALTER COLUMN id ADD GENERATED BY DEFAULT AS IDENTITY (
    SEQUENCE NAME public.django_migrations_id_seq
    START WITH 1
    INCREMENT BY 1
    NO MINVALUE
    NO MAXVALUE
    CACHE 1
);


--
-- Name: django_session; Type: TABLE; Schema: public; Owner: XZelrAJNENgZthpxZSGUaCJvwLVJJslR
--

CREATE TABLE public.django_session (
    session_key character varying(40) NOT NULL,
    session_data text NOT NULL,
    expire_date timestamp with time zone NOT NULL
);


ALTER TABLE public.django_session OWNER TO "XZelrAJNENgZthpxZSGUaCJvwLVJJslR";

--
-- Name: django_site; Type: TABLE; Schema: public; Owner: XZelrAJNENgZthpxZSGUaCJvwLVJJslR
--

CREATE TABLE public.django_site (
    id integer NOT NULL,
    domain character varying(100) NOT NULL,
    name character varying(50) NOT NULL
);


ALTER TABLE public.django_site OWNER TO "XZelrAJNENgZthpxZSGUaCJvwLVJJslR";

--
-- Name: django_site_id_seq; Type: SEQUENCE; Schema: public; Owner: XZelrAJNENgZthpxZSGUaCJvwLVJJslR
--

ALTER TABLE public.django_site ALTER COLUMN id ADD GENERATED BY DEFAULT AS IDENTITY (
    SEQUENCE NAME public.django_site_id_seq
    START WITH 1
    INCREMENT BY 1
    NO MINVALUE
    NO MAXVALUE
    CACHE 1
);


--
-- Name: portfolio_aboutus; Type: TABLE; Schema: public; Owner: XZelrAJNENgZthpxZSGUaCJvwLVJJslR
--

CREATE TABLE public.portfolio_aboutus (
    id bigint NOT NULL,
    title character varying(30) NOT NULL,
    image character varying(100) NOT NULL,
    text text NOT NULL
);


ALTER TABLE public.portfolio_aboutus OWNER TO "XZelrAJNENgZthpxZSGUaCJvwLVJJslR";

--
-- Name: portfolio_aboutus_id_seq; Type: SEQUENCE; Schema: public; Owner: XZelrAJNENgZthpxZSGUaCJvwLVJJslR
--

ALTER TABLE public.portfolio_aboutus ALTER COLUMN id ADD GENERATED BY DEFAULT AS IDENTITY (
    SEQUENCE NAME public.portfolio_aboutus_id_seq
    START WITH 1
    INCREMENT BY 1
    NO MINVALUE
    NO MAXVALUE
    CACHE 1
);


--
-- Name: portfolio_contact; Type: TABLE; Schema: public; Owner: XZelrAJNENgZthpxZSGUaCJvwLVJJslR
--

CREATE TABLE public.portfolio_contact (
    id bigint NOT NULL,
    address character varying(50) NOT NULL,
    email character varying(40) NOT NULL,
    phone character varying(30) NOT NULL,
    title character varying(30) NOT NULL
);


ALTER TABLE public.portfolio_contact OWNER TO "XZelrAJNENgZthpxZSGUaCJvwLVJJslR";

--
-- Name: portfolio_contact_id_seq; Type: SEQUENCE; Schema: public; Owner: XZelrAJNENgZthpxZSGUaCJvwLVJJslR
--

ALTER TABLE public.portfolio_contact ALTER COLUMN id ADD GENERATED BY DEFAULT AS IDENTITY (
    SEQUENCE NAME public.portfolio_contact_id_seq
    START WITH 1
    INCREMENT BY 1
    NO MINVALUE
    NO MAXVALUE
    CACHE 1
);


--
-- Name: portfolio_footer; Type: TABLE; Schema: public; Owner: XZelrAJNENgZthpxZSGUaCJvwLVJJslR
--

CREATE TABLE public.portfolio_footer (
    id bigint NOT NULL,
    icon character varying(100) NOT NULL,
    copy_right character varying(30) NOT NULL
);


ALTER TABLE public.portfolio_footer OWNER TO "XZelrAJNENgZthpxZSGUaCJvwLVJJslR";

--
-- Name: portfolio_footer_id_seq; Type: SEQUENCE; Schema: public; Owner: XZelrAJNENgZthpxZSGUaCJvwLVJJslR
--

ALTER TABLE public.portfolio_footer ALTER COLUMN id ADD GENERATED BY DEFAULT AS IDENTITY (
    SEQUENCE NAME public.portfolio_footer_id_seq
    START WITH 1
    INCREMENT BY 1
    NO MINVALUE
    NO MAXVALUE
    CACHE 1
);


--
-- Name: portfolio_form; Type: TABLE; Schema: public; Owner: XZelrAJNENgZthpxZSGUaCJvwLVJJslR
--

CREATE TABLE public.portfolio_form (
    id bigint NOT NULL,
    title character varying(40) NOT NULL,
    button_text character varying(30) NOT NULL,
    name_type character varying(30) NOT NULL,
    name_name character varying(30) NOT NULL,
    name_id character varying(30) NOT NULL,
    name_placeholder character varying(40) NOT NULL,
    email_type character varying(30) NOT NULL,
    email_name character varying(30) NOT NULL,
    email_fiel_id character varying(30) NOT NULL,
    email_placeholder character varying(40) NOT NULL,
    message_name character varying(30) NOT NULL,
    message_fiel_id character varying(30) NOT NULL,
    message_placeholder character varying(40) NOT NULL,
    contact_id bigint NOT NULL
);


ALTER TABLE public.portfolio_form OWNER TO "XZelrAJNENgZthpxZSGUaCJvwLVJJslR";

--
-- Name: portfolio_form_id_seq; Type: SEQUENCE; Schema: public; Owner: XZelrAJNENgZthpxZSGUaCJvwLVJJslR
--

ALTER TABLE public.portfolio_form ALTER COLUMN id ADD GENERATED BY DEFAULT AS IDENTITY (
    SEQUENCE NAME public.portfolio_form_id_seq
    START WITH 1
    INCREMENT BY 1
    NO MINVALUE
    NO MAXVALUE
    CACHE 1
);


--
-- Name: portfolio_header; Type: TABLE; Schema: public; Owner: XZelrAJNENgZthpxZSGUaCJvwLVJJslR
--

CREATE TABLE public.portfolio_header (
    id bigint NOT NULL,
    icon character varying(100) NOT NULL
);


ALTER TABLE public.portfolio_header OWNER TO "XZelrAJNENgZthpxZSGUaCJvwLVJJslR";

--
-- Name: portfolio_header_id_seq; Type: SEQUENCE; Schema: public; Owner: XZelrAJNENgZthpxZSGUaCJvwLVJJslR
--

ALTER TABLE public.portfolio_header ALTER COLUMN id ADD GENERATED BY DEFAULT AS IDENTITY (
    SEQUENCE NAME public.portfolio_header_id_seq
    START WITH 1
    INCREMENT BY 1
    NO MINVALUE
    NO MAXVALUE
    CACHE 1
);


--
-- Name: portfolio_headerlinks; Type: TABLE; Schema: public; Owner: XZelrAJNENgZthpxZSGUaCJvwLVJJslR
--

CREATE TABLE public.portfolio_headerlinks (
    id bigint NOT NULL,
    name character varying(20) NOT NULL,
    data_hover character varying(50) NOT NULL,
    href character varying(50) NOT NULL,
    header_id bigint NOT NULL
);


ALTER TABLE public.portfolio_headerlinks OWNER TO "XZelrAJNENgZthpxZSGUaCJvwLVJJslR";

--
-- Name: portfolio_headerlinks_id_seq; Type: SEQUENCE; Schema: public; Owner: XZelrAJNENgZthpxZSGUaCJvwLVJJslR
--

ALTER TABLE public.portfolio_headerlinks ALTER COLUMN id ADD GENERATED BY DEFAULT AS IDENTITY (
    SEQUENCE NAME public.portfolio_headerlinks_id_seq
    START WITH 1
    INCREMENT BY 1
    NO MINVALUE
    NO MAXVALUE
    CACHE 1
);


--
-- Name: portfolio_home; Type: TABLE; Schema: public; Owner: XZelrAJNENgZthpxZSGUaCJvwLVJJslR
--

CREATE TABLE public.portfolio_home (
    id bigint NOT NULL,
    image character varying(100) NOT NULL,
    name character varying(30) NOT NULL,
    job_role character varying(30) NOT NULL
);


ALTER TABLE public.portfolio_home OWNER TO "XZelrAJNENgZthpxZSGUaCJvwLVJJslR";

--
-- Name: portfolio_home_id_seq; Type: SEQUENCE; Schema: public; Owner: XZelrAJNENgZthpxZSGUaCJvwLVJJslR
--

ALTER TABLE public.portfolio_home ALTER COLUMN id ADD GENERATED BY DEFAULT AS IDENTITY (
    SEQUENCE NAME public.portfolio_home_id_seq
    START WITH 1
    INCREMENT BY 1
    NO MINVALUE
    NO MAXVALUE
    CACHE 1
);


--
-- Name: portfolio_imprint; Type: TABLE; Schema: public; Owner: XZelrAJNENgZthpxZSGUaCJvwLVJJslR
--

CREATE TABLE public.portfolio_imprint (
    id bigint NOT NULL,
    company_name character varying(50) NOT NULL,
    owner_name character varying(60) NOT NULL,
    street_name character varying(100) NOT NULL,
    house_number character varying(10) NOT NULL,
    postel_code character varying(6) NOT NULL,
    represented_by character varying(60) NOT NULL,
    phone character varying(20) NOT NULL,
    email character varying(30) NOT NULL,
    city character varying(40) NOT NULL,
    tax_number character varying(11) NOT NULL
);


ALTER TABLE public.portfolio_imprint OWNER TO "XZelrAJNENgZthpxZSGUaCJvwLVJJslR";

--
-- Name: portfolio_imprint_id_seq; Type: SEQUENCE; Schema: public; Owner: XZelrAJNENgZthpxZSGUaCJvwLVJJslR
--

ALTER TABLE public.portfolio_imprint ALTER COLUMN id ADD GENERATED BY DEFAULT AS IDENTITY (
    SEQUENCE NAME public.portfolio_imprint_id_seq
    START WITH 1
    INCREMENT BY 1
    NO MINVALUE
    NO MAXVALUE
    CACHE 1
);


--
-- Name: portfolio_portfolio; Type: TABLE; Schema: public; Owner: XZelrAJNENgZthpxZSGUaCJvwLVJJslR
--

CREATE TABLE public.portfolio_portfolio (
    id bigint NOT NULL,
    title character varying(30) NOT NULL
);


ALTER TABLE public.portfolio_portfolio OWNER TO "XZelrAJNENgZthpxZSGUaCJvwLVJJslR";

--
-- Name: portfolio_portfolio_id_seq; Type: SEQUENCE; Schema: public; Owner: XZelrAJNENgZthpxZSGUaCJvwLVJJslR
--

ALTER TABLE public.portfolio_portfolio ALTER COLUMN id ADD GENERATED BY DEFAULT AS IDENTITY (
    SEQUENCE NAME public.portfolio_portfolio_id_seq
    START WITH 1
    INCREMENT BY 1
    NO MINVALUE
    NO MAXVALUE
    CACHE 1
);


--
-- Name: portfolio_portfolioimage; Type: TABLE; Schema: public; Owner: XZelrAJNENgZthpxZSGUaCJvwLVJJslR
--

CREATE TABLE public.portfolio_portfolioimage (
    id bigint NOT NULL,
    image character varying(100) NOT NULL,
    portfolio_id bigint NOT NULL
);


ALTER TABLE public.portfolio_portfolioimage OWNER TO "XZelrAJNENgZthpxZSGUaCJvwLVJJslR";

--
-- Name: portfolio_portfolioimage_id_seq; Type: SEQUENCE; Schema: public; Owner: XZelrAJNENgZthpxZSGUaCJvwLVJJslR
--

ALTER TABLE public.portfolio_portfolioimage ALTER COLUMN id ADD GENERATED BY DEFAULT AS IDENTITY (
    SEQUENCE NAME public.portfolio_portfolioimage_id_seq
    START WITH 1
    INCREMENT BY 1
    NO MINVALUE
    NO MAXVALUE
    CACHE 1
);


--
-- Name: portfolio_service; Type: TABLE; Schema: public; Owner: XZelrAJNENgZthpxZSGUaCJvwLVJJslR
--

CREATE TABLE public.portfolio_service (
    id bigint NOT NULL,
    image character varying(100) NOT NULL,
    title character varying(30) NOT NULL,
    text text NOT NULL,
    more_information text NOT NULL,
    slug character varying(50) NOT NULL
);


ALTER TABLE public.portfolio_service OWNER TO "XZelrAJNENgZthpxZSGUaCJvwLVJJslR";

--
-- Name: portfolio_service_id_seq; Type: SEQUENCE; Schema: public; Owner: XZelrAJNENgZthpxZSGUaCJvwLVJJslR
--

ALTER TABLE public.portfolio_service ALTER COLUMN id ADD GENERATED BY DEFAULT AS IDENTITY (
    SEQUENCE NAME public.portfolio_service_id_seq
    START WITH 1
    INCREMENT BY 1
    NO MINVALUE
    NO MAXVALUE
    CACHE 1
);


--
-- Name: portfolio_socialicons; Type: TABLE; Schema: public; Owner: XZelrAJNENgZthpxZSGUaCJvwLVJJslR
--

CREATE TABLE public.portfolio_socialicons (
    id bigint NOT NULL,
    name character varying(20) NOT NULL,
    class_name character varying(30) NOT NULL,
    href text NOT NULL,
    about_us_id bigint NOT NULL
);


ALTER TABLE public.portfolio_socialicons OWNER TO "XZelrAJNENgZthpxZSGUaCJvwLVJJslR";

--
-- Name: portfolio_socialicons_id_seq; Type: SEQUENCE; Schema: public; Owner: XZelrAJNENgZthpxZSGUaCJvwLVJJslR
--

ALTER TABLE public.portfolio_socialicons ALTER COLUMN id ADD GENERATED BY DEFAULT AS IDENTITY (
    SEQUENCE NAME public.portfolio_socialicons_id_seq
    START WITH 1
    INCREMENT BY 1
    NO MINVALUE
    NO MAXVALUE
    CACHE 1
);


--
-- Name: portfolio_socialiconscontact; Type: TABLE; Schema: public; Owner: XZelrAJNENgZthpxZSGUaCJvwLVJJslR
--

CREATE TABLE public.portfolio_socialiconscontact (
    id bigint NOT NULL,
    name character varying(20) NOT NULL,
    class_name character varying(30) NOT NULL,
    href text NOT NULL,
    contact_id bigint NOT NULL
);


ALTER TABLE public.portfolio_socialiconscontact OWNER TO "XZelrAJNENgZthpxZSGUaCJvwLVJJslR";

--
-- Name: portfolio_socialiconscontact_id_seq; Type: SEQUENCE; Schema: public; Owner: XZelrAJNENgZthpxZSGUaCJvwLVJJslR
--

ALTER TABLE public.portfolio_socialiconscontact ALTER COLUMN id ADD GENERATED BY DEFAULT AS IDENTITY (
    SEQUENCE NAME public.portfolio_socialiconscontact_id_seq
    START WITH 1
    INCREMENT BY 1
    NO MINVALUE
    NO MAXVALUE
    CACHE 1
);


--
-- Name: portfolio_textsection; Type: TABLE; Schema: public; Owner: XZelrAJNENgZthpxZSGUaCJvwLVJJslR
--

CREATE TABLE public.portfolio_textsection (
    id bigint NOT NULL,
    header character varying(40) NOT NULL,
    text text NOT NULL
);


ALTER TABLE public.portfolio_textsection OWNER TO "XZelrAJNENgZthpxZSGUaCJvwLVJJslR";

--
-- Name: portfolio_textsection_id_seq; Type: SEQUENCE; Schema: public; Owner: XZelrAJNENgZthpxZSGUaCJvwLVJJslR
--

ALTER TABLE public.portfolio_textsection ALTER COLUMN id ADD GENERATED BY DEFAULT AS IDENTITY (
    SEQUENCE NAME public.portfolio_textsection_id_seq
    START WITH 1
    INCREMENT BY 1
    NO MINVALUE
    NO MAXVALUE
    CACHE 1
);


--
-- Name: socialaccount_socialaccount; Type: TABLE; Schema: public; Owner: XZelrAJNENgZthpxZSGUaCJvwLVJJslR
--

CREATE TABLE public.socialaccount_socialaccount (
    id integer NOT NULL,
    provider character varying(200) NOT NULL,
    uid character varying(191) NOT NULL,
    last_login timestamp with time zone NOT NULL,
    date_joined timestamp with time zone NOT NULL,
    extra_data jsonb NOT NULL,
    user_id bigint NOT NULL
);


ALTER TABLE public.socialaccount_socialaccount OWNER TO "XZelrAJNENgZthpxZSGUaCJvwLVJJslR";

--
-- Name: socialaccount_socialaccount_id_seq; Type: SEQUENCE; Schema: public; Owner: XZelrAJNENgZthpxZSGUaCJvwLVJJslR
--

ALTER TABLE public.socialaccount_socialaccount ALTER COLUMN id ADD GENERATED BY DEFAULT AS IDENTITY (
    SEQUENCE NAME public.socialaccount_socialaccount_id_seq
    START WITH 1
    INCREMENT BY 1
    NO MINVALUE
    NO MAXVALUE
    CACHE 1
);


--
-- Name: socialaccount_socialapp; Type: TABLE; Schema: public; Owner: XZelrAJNENgZthpxZSGUaCJvwLVJJslR
--

CREATE TABLE public.socialaccount_socialapp (
    id integer NOT NULL,
    provider character varying(30) NOT NULL,
    name character varying(40) NOT NULL,
    client_id character varying(191) NOT NULL,
    secret character varying(191) NOT NULL,
    key character varying(191) NOT NULL,
    provider_id character varying(200) NOT NULL,
    settings jsonb NOT NULL
);


ALTER TABLE public.socialaccount_socialapp OWNER TO "XZelrAJNENgZthpxZSGUaCJvwLVJJslR";

--
-- Name: socialaccount_socialapp_id_seq; Type: SEQUENCE; Schema: public; Owner: XZelrAJNENgZthpxZSGUaCJvwLVJJslR
--

ALTER TABLE public.socialaccount_socialapp ALTER COLUMN id ADD GENERATED BY DEFAULT AS IDENTITY (
    SEQUENCE NAME public.socialaccount_socialapp_id_seq
    START WITH 1
    INCREMENT BY 1
    NO MINVALUE
    NO MAXVALUE
    CACHE 1
);


--
-- Name: socialaccount_socialapp_sites; Type: TABLE; Schema: public; Owner: XZelrAJNENgZthpxZSGUaCJvwLVJJslR
--

CREATE TABLE public.socialaccount_socialapp_sites (
    id bigint NOT NULL,
    socialapp_id integer NOT NULL,
    site_id integer NOT NULL
);


ALTER TABLE public.socialaccount_socialapp_sites OWNER TO "XZelrAJNENgZthpxZSGUaCJvwLVJJslR";

--
-- Name: socialaccount_socialapp_sites_id_seq; Type: SEQUENCE; Schema: public; Owner: XZelrAJNENgZthpxZSGUaCJvwLVJJslR
--

ALTER TABLE public.socialaccount_socialapp_sites ALTER COLUMN id ADD GENERATED BY DEFAULT AS IDENTITY (
    SEQUENCE NAME public.socialaccount_socialapp_sites_id_seq
    START WITH 1
    INCREMENT BY 1
    NO MINVALUE
    NO MAXVALUE
    CACHE 1
);


--
-- Name: socialaccount_socialtoken; Type: TABLE; Schema: public; Owner: XZelrAJNENgZthpxZSGUaCJvwLVJJslR
--

CREATE TABLE public.socialaccount_socialtoken (
    id integer NOT NULL,
    token text NOT NULL,
    token_secret text NOT NULL,
    expires_at timestamp with time zone,
    account_id integer NOT NULL,
    app_id integer
);


ALTER TABLE public.socialaccount_socialtoken OWNER TO "XZelrAJNENgZthpxZSGUaCJvwLVJJslR";

--
-- Name: socialaccount_socialtoken_id_seq; Type: SEQUENCE; Schema: public; Owner: XZelrAJNENgZthpxZSGUaCJvwLVJJslR
--

ALTER TABLE public.socialaccount_socialtoken ALTER COLUMN id ADD GENERATED BY DEFAULT AS IDENTITY (
    SEQUENCE NAME public.socialaccount_socialtoken_id_seq
    START WITH 1
    INCREMENT BY 1
    NO MINVALUE
    NO MAXVALUE
    CACHE 1
);


--
-- Name: users_user; Type: TABLE; Schema: public; Owner: XZelrAJNENgZthpxZSGUaCJvwLVJJslR
--

CREATE TABLE public.users_user (
    id bigint NOT NULL,
    password character varying(128) NOT NULL,
    last_login timestamp with time zone,
    is_superuser boolean NOT NULL,
    email character varying(254) NOT NULL,
    is_staff boolean NOT NULL,
    is_active boolean NOT NULL,
    date_joined timestamp with time zone NOT NULL,
    name character varying(255) NOT NULL
);


ALTER TABLE public.users_user OWNER TO "XZelrAJNENgZthpxZSGUaCJvwLVJJslR";

--
-- Name: users_user_groups; Type: TABLE; Schema: public; Owner: XZelrAJNENgZthpxZSGUaCJvwLVJJslR
--

CREATE TABLE public.users_user_groups (
    id bigint NOT NULL,
    user_id bigint NOT NULL,
    group_id integer NOT NULL
);


ALTER TABLE public.users_user_groups OWNER TO "XZelrAJNENgZthpxZSGUaCJvwLVJJslR";

--
-- Name: users_user_groups_id_seq; Type: SEQUENCE; Schema: public; Owner: XZelrAJNENgZthpxZSGUaCJvwLVJJslR
--

ALTER TABLE public.users_user_groups ALTER COLUMN id ADD GENERATED BY DEFAULT AS IDENTITY (
    SEQUENCE NAME public.users_user_groups_id_seq
    START WITH 1
    INCREMENT BY 1
    NO MINVALUE
    NO MAXVALUE
    CACHE 1
);


--
-- Name: users_user_id_seq; Type: SEQUENCE; Schema: public; Owner: XZelrAJNENgZthpxZSGUaCJvwLVJJslR
--

ALTER TABLE public.users_user ALTER COLUMN id ADD GENERATED BY DEFAULT AS IDENTITY (
    SEQUENCE NAME public.users_user_id_seq
    START WITH 1
    INCREMENT BY 1
    NO MINVALUE
    NO MAXVALUE
    CACHE 1
);


--
-- Name: users_user_user_permissions; Type: TABLE; Schema: public; Owner: XZelrAJNENgZthpxZSGUaCJvwLVJJslR
--

CREATE TABLE public.users_user_user_permissions (
    id bigint NOT NULL,
    user_id bigint NOT NULL,
    permission_id integer NOT NULL
);


ALTER TABLE public.users_user_user_permissions OWNER TO "XZelrAJNENgZthpxZSGUaCJvwLVJJslR";

--
-- Name: users_user_user_permissions_id_seq; Type: SEQUENCE; Schema: public; Owner: XZelrAJNENgZthpxZSGUaCJvwLVJJslR
--

ALTER TABLE public.users_user_user_permissions ALTER COLUMN id ADD GENERATED BY DEFAULT AS IDENTITY (
    SEQUENCE NAME public.users_user_user_permissions_id_seq
    START WITH 1
    INCREMENT BY 1
    NO MINVALUE
    NO MAXVALUE
    CACHE 1
);


--
-- Data for Name: account_emailaddress; Type: TABLE DATA; Schema: public; Owner: XZelrAJNENgZthpxZSGUaCJvwLVJJslR
--

COPY public.account_emailaddress (id, email, verified, "primary", user_id) FROM stdin;
\.


--
-- Data for Name: account_emailconfirmation; Type: TABLE DATA; Schema: public; Owner: XZelrAJNENgZthpxZSGUaCJvwLVJJslR
--

COPY public.account_emailconfirmation (id, created, sent, key, email_address_id) FROM stdin;
\.


--
-- Data for Name: auth_group; Type: TABLE DATA; Schema: public; Owner: XZelrAJNENgZthpxZSGUaCJvwLVJJslR
--

COPY public.auth_group (id, name) FROM stdin;
\.


--
-- Data for Name: auth_group_permissions; Type: TABLE DATA; Schema: public; Owner: XZelrAJNENgZthpxZSGUaCJvwLVJJslR
--

COPY public.auth_group_permissions (id, group_id, permission_id) FROM stdin;
\.


--
-- Data for Name: auth_permission; Type: TABLE DATA; Schema: public; Owner: XZelrAJNENgZthpxZSGUaCJvwLVJJslR
--

COPY public.auth_permission (id, name, content_type_id, codename) FROM stdin;
1	Can add permission	1	add_permission
2	Can change permission	1	change_permission
3	Can delete permission	1	delete_permission
4	Can view permission	1	view_permission
5	Can add group	2	add_group
6	Can change group	2	change_group
7	Can delete group	2	delete_group
8	Can view group	2	view_group
9	Can add content type	3	add_contenttype
10	Can change content type	3	change_contenttype
11	Can delete content type	3	delete_contenttype
12	Can view content type	3	view_contenttype
13	Can add session	4	add_session
14	Can change session	4	change_session
15	Can delete session	4	delete_session
16	Can view session	4	view_session
17	Can add site	5	add_site
18	Can change site	5	change_site
19	Can delete site	5	delete_site
20	Can view site	5	view_site
21	Can add log entry	6	add_logentry
22	Can change log entry	6	change_logentry
23	Can delete log entry	6	delete_logentry
24	Can view log entry	6	view_logentry
25	Can add email address	7	add_emailaddress
26	Can change email address	7	change_emailaddress
27	Can delete email address	7	delete_emailaddress
28	Can view email address	7	view_emailaddress
29	Can add email confirmation	8	add_emailconfirmation
30	Can change email confirmation	8	change_emailconfirmation
31	Can delete email confirmation	8	delete_emailconfirmation
32	Can view email confirmation	8	view_emailconfirmation
33	Can add social account	9	add_socialaccount
34	Can change social account	9	change_socialaccount
35	Can delete social account	9	delete_socialaccount
36	Can view social account	9	view_socialaccount
37	Can add social application	10	add_socialapp
38	Can change social application	10	change_socialapp
39	Can delete social application	10	delete_socialapp
40	Can view social application	10	view_socialapp
41	Can add social application token	11	add_socialtoken
42	Can change social application token	11	change_socialtoken
43	Can delete social application token	11	delete_socialtoken
44	Can view social application token	11	view_socialtoken
45	Can add user	12	add_user
46	Can change user	12	change_user
47	Can delete user	12	delete_user
48	Can view user	12	view_user
49	Can add home	13	add_home
50	Can change home	13	change_home
51	Can delete home	13	delete_home
52	Can view home	13	view_home
53	Can add header	14	add_header
54	Can change header	14	change_header
55	Can delete header	14	delete_header
56	Can view header	14	view_header
57	Can add header links	15	add_headerlinks
58	Can change header links	15	change_headerlinks
59	Can delete header links	15	delete_headerlinks
60	Can view header links	15	view_headerlinks
61	Can add about us	16	add_aboutus
62	Can change about us	16	change_aboutus
63	Can delete about us	16	delete_aboutus
64	Can view about us	16	view_aboutus
65	Can add service	17	add_service
66	Can change service	17	change_service
67	Can delete service	17	delete_service
68	Can view service	17	view_service
69	Can add social icons	18	add_socialicons
70	Can change social icons	18	change_socialicons
71	Can delete social icons	18	delete_socialicons
72	Can view social icons	18	view_socialicons
73	Can add contact	19	add_contact
74	Can change contact	19	change_contact
75	Can delete contact	19	delete_contact
76	Can view contact	19	view_contact
77	Can add social icons contact	20	add_socialiconscontact
78	Can change social icons contact	20	change_socialiconscontact
79	Can delete social icons contact	20	delete_socialiconscontact
80	Can view social icons contact	20	view_socialiconscontact
81	Can add form	21	add_form
82	Can change form	21	change_form
83	Can delete form	21	delete_form
84	Can view form	21	view_form
85	Can add footer	22	add_footer
86	Can change footer	22	change_footer
87	Can delete footer	22	delete_footer
88	Can view footer	22	view_footer
89	Can add text section	23	add_textsection
90	Can change text section	23	change_textsection
91	Can delete text section	23	delete_textsection
92	Can view text section	23	view_textsection
93	Can add imprint	24	add_imprint
94	Can change imprint	24	change_imprint
95	Can delete imprint	24	delete_imprint
96	Can view imprint	24	view_imprint
97	Can add portfolio image	25	add_portfolioimage
98	Can change portfolio image	25	change_portfolioimage
99	Can delete portfolio image	25	delete_portfolioimage
100	Can view portfolio image	25	view_portfolioimage
101	Can add portfolio	26	add_portfolio
102	Can change portfolio	26	change_portfolio
103	Can delete portfolio	26	delete_portfolio
104	Can view portfolio	26	view_portfolio
\.


--
-- Data for Name: django_admin_log; Type: TABLE DATA; Schema: public; Owner: XZelrAJNENgZthpxZSGUaCJvwLVJJslR
--

COPY public.django_admin_log (id, action_time, object_id, object_repr, action_flag, change_message, content_type_id, user_id) FROM stdin;
1	2024-02-04 11:19:43.656302+00	2	johanna@test.com	1	[{"added": {}}]	12	1
2	2024-02-04 11:20:15.809156+00	2	johanna@test.com	2	[]	12	1
3	2024-02-04 11:21:52.141913+00	2	johanna@test.com	2	[{"changed": {"fields": ["Name of User"]}}]	12	1
4	2024-02-04 21:14:57.835464+00	1	Home object (1)	1	[{"added": {}}]	13	1
5	2024-02-07 17:35:24.108563+00	1	Home object (1)	2	[{"changed": {"fields": ["Home bild", "Name", "Dein Jobbezeichnung"]}}]	13	1
6	2024-02-07 17:36:11.728946+00	1	About Us	1	[{"added": {}}]	16	1
7	2024-02-07 17:36:55.498996+00	1	Logo	1	[{"added": {}}]	14	1
8	2024-02-07 17:37:11.087326+00	1	Contact	1	[{"added": {}}]	15	1
9	2024-02-07 17:37:33.702492+00	2	About	1	[{"added": {}}]	15	1
10	2024-02-07 17:37:51.2713+00	3	Home	1	[{"added": {}}]	15	1
11	2024-02-07 17:38:26.51199+00	1	Branding Identity	1	[{"added": {}}]	17	1
12	2024-02-07 17:38:40.650654+00	2	Illustrator	1	[{"added": {}}]	17	1
13	2024-02-07 17:38:56.24916+00	3	Web Design	1	[{"added": {}}]	17	1
14	2024-02-07 17:39:17.520488+00	1	LinkedIn	1	[{"added": {}}]	18	1
15	2024-02-07 17:39:32.678532+00	2	Instagram	1	[{"added": {}}]	18	1
16	2024-02-07 17:39:48.568265+00	3	Twitter	1	[{"added": {}}]	18	1
17	2024-02-07 17:40:03.847905+00	4	FaceBook	1	[{"added": {}}]	18	1
18	2024-02-11 16:02:29.554783+00	2	Instagram	2	[{"changed": {"fields": ["Link"]}}]	18	1
19	2024-02-11 16:03:20.79854+00	2	Instagram	2	[{"changed": {"fields": ["Klassenname"]}}]	18	1
20	2024-02-11 16:03:42.736826+00	2	Instagram	3		18	1
21	2024-02-11 16:04:32.768647+00	4	FaceBook	2	[{"changed": {"fields": ["Link"]}}]	18	1
22	2024-02-15 19:17:37.234635+00	1	Home object (1)	2	[{"changed": {"fields": ["Home bild"]}}]	13	1
23	2024-02-15 19:27:48.571025+00	1	Kontaktformular	1	[{"added": {}}]	19	1
24	2024-02-15 19:28:04.662669+00	1	Copryright: MaxZimmermannGmbH	1	[{"added": {}}]	22	1
25	2024-02-15 19:28:54.111159+00	1	name	1	[{"added": {}}]	21	1
26	2024-02-15 19:29:30.229257+00	1	FaceBook	1	[{"added": {}}]	20	1
27	2024-02-15 19:29:45.239782+00	2	Twitter	1	[{"added": {}}]	20	1
28	2024-02-15 19:30:01.060454+00	3	Instagram	1	[{"added": {}}]	20	1
29	2024-02-15 19:30:15.737217+00	4	LinkedIn	1	[{"added": {}}]	20	1
30	2024-02-15 19:30:43.662997+00	4	FaceBook	2	[{"changed": {"fields": ["Link"]}}]	18	1
31	2024-02-15 19:30:47.850396+00	3	Twitter	2	[{"changed": {"fields": ["Link"]}}]	18	1
32	2024-02-15 19:30:53.182262+00	4	FaceBook	2	[{"changed": {"fields": ["Link"]}}]	18	1
33	2024-02-15 19:30:59.230677+00	4	LinkedIn	2	[{"changed": {"fields": ["Link"]}}]	20	1
34	2024-02-15 19:31:03.120206+00	3	Instagram	2	[{"changed": {"fields": ["Link"]}}]	20	1
35	2024-02-15 19:31:07.070353+00	2	Twitter	2	[{"changed": {"fields": ["Link"]}}]	20	1
36	2024-02-15 19:31:10.924734+00	1	FaceBook	2	[{"changed": {"fields": ["Link"]}}]	20	1
37	2024-02-15 19:44:44.758516+00	3	Web Design	2	[{"changed": {"fields": ["Slug"]}}]	17	1
38	2024-02-15 19:44:56.617268+00	2	Illustrator	2	[{"changed": {"fields": ["Slug"]}}]	17	1
39	2024-02-15 19:45:08.765276+00	1	Branding Identity	2	[{"changed": {"fields": ["Slug"]}}]	17	1
40	2024-02-16 10:05:42.204454+00	4	Pferdeverhaltenstraining	1	[{"added": {}}]	17	1
41	2024-02-19 09:42:53.07917+00	5	Jungpferdetraining	1	[{"added": {}}]	17	1
42	2024-02-19 09:43:34.164786+00	4	Pferdeverhaltenstraining	2	[]	17	1
43	2024-02-19 10:12:02.727492+00	6	Verladetraining	1	[{"added": {}}]	17	1
44	2024-02-19 10:42:19.249975+00	2	Über mich	1	[{"added": {}}]	16	1
45	2024-02-21 13:33:43.44997+00	4	Pferdeverhaltenstraining	2	[{"changed": {"fields": ["Mehr Informationen"]}}]	17	1
46	2024-03-10 11:04:10.869767+00	1	Home object (1)	2	[{"changed": {"fields": ["Home bild"]}}]	13	1
47	2024-03-11 11:38:06.076411+00	3	Web Design	3		17	1
48	2024-03-11 11:38:06.077525+00	2	Illustrator	3		17	1
49	2024-03-11 11:38:06.078056+00	1	Branding Identity	3		17	1
50	2024-03-11 11:38:50.526349+00	1	About Us	3		16	1
51	2024-03-11 11:45:57.623857+00	7	Preise	1	[{"added": {}}]	17	1
52	2024-03-11 11:58:47.533756+00	8	Rezensionen	1	[{"added": {}}]	17	1
53	2024-03-13 13:15:47.43282+00	4	Verhaltenstraining	2	[{"changed": {"fields": ["Titel", "Slug"]}}]	17	1
54	2024-03-13 13:38:13.855897+00	9	Kommunikationsarbeit	1	[{"added": {}}]	17	1
55	2024-03-13 13:39:13.616869+00	4	Verhaltenstraining	2	[]	17	1
56	2024-03-13 13:41:12.864843+00	1	Home object (1)	2	[{"changed": {"fields": ["Home bild"]}}]	13	1
57	2024-03-13 13:47:13.928927+00	1	Logo	2	[{"changed": {"fields": ["Icon"]}}]	14	1
58	2024-03-13 13:47:37.411128+00	2	Über mich	2	[{"changed": {"fields": ["Name"]}}]	15	1
59	2024-03-13 13:47:43.619961+00	1	Contact	2	[]	15	1
60	2024-03-13 13:47:51.990524+00	1	Kontakt	2	[{"changed": {"fields": ["Name"]}}]	15	1
61	2024-03-13 13:48:23.179332+00	2	Über mich	2	[]	16	1
62	2024-03-13 15:50:33.788037+00	5	asd	1	[{"added": {}}]	18	1
63	2024-03-13 15:50:49.23283+00	6	asdf	1	[{"added": {}}]	18	1
64	2024-03-13 15:51:18.848642+00	2	Über mich	2	[]	16	1
65	2024-03-23 14:33:43.816867+00	2	Über mich	2	[]	16	1
66	2024-03-23 14:34:37.741908+00	1	name	2	[]	21	1
67	2024-03-23 14:36:55.621672+00	9	Kommunikationsarbeit	2	[]	17	1
68	2024-03-23 14:37:12.588846+00	8	Rezensionen	2	[]	17	1
69	2024-03-23 14:40:04.631472+00	2	Über mich	2	[{"changed": {"fields": ["\\u00dcber dich Bild"]}}]	16	1
70	2024-03-23 14:44:17.101031+00	2	Über mich	2	[{"changed": {"fields": ["\\u00dcber dich Bild"]}}]	16	1
71	2024-03-23 14:56:43.360664+00	2	Über mich	2	[{"changed": {"fields": ["\\u00dcber dich Bild"]}}]	16	1
72	2024-03-25 18:40:34.620715+00	2	Über mich	2	[{"changed": {"fields": ["Text"]}}]	16	1
73	2024-03-25 18:43:04.550558+00	2	Über mich	2	[]	16	1
74	2024-03-25 18:43:31.500276+00	7	Preise	2	[{"changed": {"fields": ["Text"]}}]	17	1
75	2024-03-25 18:58:04.398931+00	2	Über mich	2	[{"changed": {"fields": ["Text"]}}]	16	1
76	2024-05-07 11:30:47.55239+00	2	Über mich	2	[{"changed": {"fields": ["Text"]}}]	16	1
77	2024-05-07 11:31:15.49352+00	1	Kontaktformular	2	[{"changed": {"fields": ["Adresse"]}}]	19	1
78	2024-05-07 11:32:23.815207+00	1	Kontaktformular	2	[{"changed": {"fields": ["Adresse", "Email", "Telefonnummer"]}}]	19	1
79	2024-05-07 12:02:13.545169+00	3	Instagram	2	[{"changed": {"fields": ["Klassenname", "Link"]}}]	20	1
80	2024-05-07 12:02:49.436198+00	4	LinkedIn	3		20	1
81	2024-05-07 12:02:49.4371+00	2	Twitter	3		20	1
82	2024-05-07 12:04:32.228604+00	1	FaceBook	2	[{"changed": {"fields": ["Klassenname", "Link"]}}]	20	1
83	2024-05-07 12:05:16.014451+00	1	Kontaktformular	2	[]	19	1
84	2024-05-07 12:05:22.283966+00	1	Kontaktformular	2	[]	19	1
85	2024-05-07 12:06:15.637987+00	6	Instagram	2	[{"changed": {"fields": ["Name", "Klassenname"]}}]	18	1
86	2024-05-07 12:07:34.656334+00	5	Facebook	1	[{"added": {}}]	20	1
87	2024-05-07 12:09:40.195634+00	5	Facebook	3		20	1
88	2024-05-07 12:11:59.063484+00	10	Physiotherapie	1	[{"added": {}}]	17	1
89	2024-05-14 15:52:04.042705+00	3	Instagram	2	[{"changed": {"fields": ["Klassenname"]}}]	20	1
90	2024-05-14 15:52:23.958184+00	3	Instagram	2	[]	20	1
91	2024-05-14 15:52:39.317939+00	1	FaceBook	2	[{"changed": {"fields": ["Klassenname"]}}]	20	1
92	2024-05-14 15:53:12.563994+00	3	Instagram	2	[{"changed": {"fields": ["Klassenname"]}}]	20	1
93	2024-05-14 15:53:16.293021+00	1	FaceBook	2	[{"changed": {"fields": ["Klassenname"]}}]	20	1
94	2024-05-14 15:54:38.057561+00	6	Instagram	2	[{"changed": {"fields": ["Klassenname"]}}]	18	1
95	2024-05-14 15:55:07.583307+00	6	Instagram	3		18	1
96	2024-05-18 08:51:49.65752+00	1	Home object (1)	2	[{"changed": {"fields": ["Home bild"]}}]	13	1
97	2024-05-18 08:52:20.898357+00	1	Home object (1)	2	[{"changed": {"fields": ["Home bild"]}}]	13	1
98	2024-05-18 09:15:56.079363+00	3	Home	2	[{"changed": {"fields": ["Hovername"]}}]	15	1
99	2024-05-18 09:16:04.16572+00	2	Über mich	2	[{"changed": {"fields": ["Hovername"]}}]	15	1
100	2024-05-18 09:16:11.272477+00	1	Kontakt	2	[{"changed": {"fields": ["Hovername"]}}]	15	1
101	2024-05-18 09:20:53.241164+00	1	Kontakt	2	[]	15	1
102	2024-05-18 09:26:22.028825+00	3	Home	3		15	1
103	2024-05-18 09:26:22.029879+00	2	Über mich	3		15	1
104	2024-05-18 09:26:22.030423+00	1	Kontakt	3		15	1
105	2024-05-18 09:26:50.205482+00	4	Home	1	[{"added": {}}]	15	1
106	2024-05-18 09:28:03.245331+00	5	Über mich	1	[{"added": {}}]	15	1
107	2024-05-18 09:28:20.182017+00	6	Kontakt	1	[{"added": {}}]	15	1
108	2024-05-24 09:19:49.191724+00	2	Über mich	2	[{"changed": {"fields": ["Text"]}}]	16	1
109	2024-05-24 09:20:48.735008+00	2	Über mich	2	[{"changed": {"fields": ["\\u00dcber dich Bild"]}}]	16	1
110	2024-05-24 09:30:00.216188+00	10	Physiotherapie	2	[{"changed": {"fields": ["Mehr Informationen"]}}]	17	1
111	2024-05-24 09:30:33.642591+00	10	Physiotherapie	2	[]	17	1
112	2024-06-12 14:58:44.127944+00	1	Home object (1)	2	[{"changed": {"fields": ["Home bild"]}}]	13	1
113	2024-06-12 15:46:48.745134+00	1	Home object (1)	2	[{"changed": {"fields": ["Home bild"]}}]	13	1
114	2024-06-18 13:48:56.001346+00	1	Copryright: MaxZimmermannGmbH	2	[]	22	1
115	2024-06-18 13:49:04.202513+00	5	asd	2	[]	18	1
116	2024-06-18 13:49:17.778946+00	2	Über mich	2	[{"changed": {"fields": ["\\u00dcber dich Bild"]}}]	16	1
117	2024-06-18 13:52:22.703659+00	3	Instagram	2	[]	20	1
118	2024-06-18 13:53:01.498117+00	1	Copryright: MaxZimmermannGmbH	2	[]	22	1
119	2024-06-18 15:06:19.112732+00	1	Logo	2	[{"changed": {"fields": ["Icon"]}}]	14	1
120	2024-06-18 15:07:15.164398+00	1	Logo	2	[{"changed": {"fields": ["Icon"]}}]	14	1
121	2024-06-18 15:08:35.00299+00	1	Home object (1)	2	[{"changed": {"fields": ["Home bild"]}}]	13	1
122	2024-06-18 15:09:39.925492+00	1	Home object (1)	2	[{"changed": {"fields": ["Home bild"]}}]	13	1
123	2024-06-18 15:12:56.795725+00	1	Home object (1)	2	[{"changed": {"fields": ["Home bild"]}}]	13	1
124	2024-06-18 15:13:31.57914+00	1	Home object (1)	2	[{"changed": {"fields": ["Home bild"]}}]	13	1
125	2024-06-18 15:14:28.47154+00	1	Home object (1)	2	[{"changed": {"fields": ["Home bild"]}}]	13	1
126	2024-06-18 15:15:26.692872+00	1	Home object (1)	2	[{"changed": {"fields": ["Dein Jobbezeichnung"]}}]	13	1
127	2024-06-18 15:16:44.343897+00	2	Über mich	2	[{"changed": {"fields": ["\\u00dcber dich Bild"]}}]	16	1
128	2024-06-18 15:22:59.788448+00	10	Physiotherapie	2	[{"changed": {"fields": ["Angebot Bild"]}}]	17	1
129	2024-06-18 15:33:19.358819+00	2	Herzlich Willkommen	2	[{"changed": {"fields": ["Titel"]}}]	16	1
130	2024-06-18 15:44:24.686497+00	2	Herzlich Willkommen	2	[{"changed": {"fields": ["Text"]}}]	16	1
131	2024-06-18 15:48:54.072945+00	10	Physiotherapie	2	[{"changed": {"fields": ["Mehr Informationen"]}}]	17	1
132	2024-06-19 11:05:11.139348+00	2	Herzlich Willkommen	2	[{"changed": {"fields": ["\\u00dcber dich Bild"]}}]	16	1
133	2024-06-19 11:20:21.601116+00	2	Herzlich Willkommen	2	[{"changed": {"fields": ["\\u00dcber dich Bild"]}}]	16	1
134	2024-06-19 11:20:52.757553+00	2	Herzlich Willkommen	2	[{"changed": {"fields": ["\\u00dcber dich Bild"]}}]	16	1
135	2024-06-19 11:21:05.94554+00	2	Herzlich Willkommen	2	[{"changed": {"fields": ["\\u00dcber dich Bild"]}}]	16	1
136	2024-06-19 11:26:59.778841+00	2	Herzlich Willkommen	2	[{"changed": {"fields": ["\\u00dcber dich Bild"]}}]	16	1
137	2024-06-20 15:32:50.141093+00	4	Pferdeverhaltenstraining	2	[{"changed": {"fields": ["Angebot Bild", "Titel", "Text", "Mehr Informationen", "Slug"]}}]	17	1
138	2024-06-20 15:34:25.001719+00	4	Pferdeverhaltenstraining	2	[{"changed": {"fields": ["Mehr Informationen"]}}]	17	1
139	2024-06-20 15:35:28.052157+00	5	Jungpferdetraining	3		17	1
140	2024-06-20 15:35:35.937186+00	6	Verladetraining	3		17	1
141	2024-06-20 15:35:41.731097+00	9	Kommunikationsarbeit	3		17	1
142	2024-06-20 15:36:32.36109+00	8	Rezensionen	3		17	1
143	2024-06-21 12:43:16.747052+00	1	FaceBook	2	[]	20	1
144	2024-06-21 12:43:18.511341+00	3	Instagram	2	[]	20	1
145	2024-06-21 12:45:33.03448+00	1	Copryright: Johanna Zimmermann	2	[{"changed": {"fields": ["Copyright"]}}]	22	1
146	2024-06-21 12:47:29.750639+00	1	Copryright: Johanna Zimmermann	2	[{"changed": {"fields": ["Icon"]}}]	22	1
147	2024-06-21 12:48:23.758622+00	1	Copryright: Johanna Zimmermann	2	[{"changed": {"fields": ["Icon"]}}]	22	1
148	2024-06-21 12:50:22.396144+00	4	Pferdeverhaltenstraining	2	[]	17	1
149	2024-06-23 07:28:17.914497+00	1	Copryright: Johanna Zimmermann	2	[{"changed": {"fields": ["Icon"]}}]	22	1
150	2024-06-23 07:28:36.905307+00	1	Copryright: Johanna Zimmermann	2	[{"changed": {"fields": ["Icon"]}}]	22	1
151	2024-06-23 07:33:04.073389+00	3	hallo	1	[{"added": {}}]	16	1
152	2024-06-23 07:34:26.647541+00	3	hallo	2	[{"changed": {"fields": ["\\u00dcber dich Bild"]}}]	16	1
153	2024-06-23 07:35:08.52503+00	3	hallo	2	[{"changed": {"fields": ["\\u00dcber dich Bild"]}}]	16	1
154	2024-06-23 07:40:12.579178+00	3	hallo	3		16	1
155	2024-06-23 07:40:42.987238+00	7	Preise	2	[]	17	1
156	2024-06-23 07:41:04.247483+00	7	Preise	2	[{"changed": {"fields": ["Angebot Bild"]}}]	17	1
157	2024-06-23 07:43:51.3763+00	10	Physiotherapie	2	[{"changed": {"fields": ["Angebot Bild"]}}]	17	1
158	2024-06-23 07:44:36.59204+00	4	Pferdeverhaltenstraining	2	[{"changed": {"fields": ["Angebot Bild"]}}]	17	1
159	2024-06-23 07:45:39.149337+00	4	Pferdeverhaltenstraining	2	[{"changed": {"fields": ["Angebot Bild"]}}]	17	1
160	2024-06-23 07:46:27.716571+00	10	Physiotherapie	2	[{"changed": {"fields": ["Angebot Bild"]}}]	17	1
161	2024-06-24 16:58:25.460003+00	6	Kontakt	2	[{"changed": {"fields": ["Link"]}}]	15	1
162	2024-06-24 17:00:10.705137+00	6	Kontakt	2	[{"changed": {"fields": ["Link"]}}]	15	1
163	2024-06-24 17:00:44.613566+00	6	Kontakt	2	[{"changed": {"fields": ["Link"]}}]	15	1
164	2024-06-24 17:24:11.670832+00	1	TextSection object (1)	1	[{"added": {}}]	23	1
165	2024-06-24 17:50:28.459534+00	1	TextSection object (1)	2	[{"changed": {"fields": ["\\u00dcberschrift", "Text"]}}]	23	1
166	2024-06-24 18:11:06.208672+00	1	TextSection object (1)	2	[{"changed": {"fields": ["Text"]}}]	23	1
167	2024-06-24 18:11:34.085485+00	1	TextSection object (1)	2	[{"changed": {"fields": ["Text"]}}]	23	1
168	2024-06-24 18:14:04.560048+00	1	TextSection object (1)	2	[{"changed": {"fields": ["Text"]}}]	23	1
169	2024-06-24 18:15:03.655074+00	1	TextSection object (1)	2	[]	23	1
170	2024-06-24 18:15:36.189417+00	1	TextSection object (1)	2	[{"changed": {"fields": ["Text"]}}]	23	1
171	2024-06-24 18:16:33.607077+00	1	TextSection object (1)	2	[{"changed": {"fields": ["Text"]}}]	23	1
172	2024-06-24 18:21:58.129954+00	10	Physiotherapie	2	[{"changed": {"fields": ["Angebot Bild"]}}]	17	1
173	2024-06-24 18:24:10.291141+00	10	Physiotherapie	2	[{"changed": {"fields": ["Angebot Bild"]}}]	17	1
174	2024-06-24 18:25:03.074137+00	10	Physiotherapie	2	[{"changed": {"fields": ["Angebot Bild"]}}]	17	1
175	2024-06-24 18:37:55.840893+00	1	Copryright: JohannaZimmermann	2	[{"changed": {"fields": ["Copyright"]}}]	22	1
176	2024-06-24 18:54:08.52564+00	4	Pferdeverhaltenstraining	2	[{"changed": {"fields": ["Text"]}}]	17	1
177	2024-06-24 18:56:08.284315+00	1	TextSection object (1)	2	[{"changed": {"fields": ["Text"]}}]	23	1
178	2024-06-24 18:57:04.06553+00	1	TextSection object (1)	2	[{"changed": {"fields": ["Text"]}}]	23	1
179	2024-06-26 15:27:53.495269+00	1	Imprint object (1)	1	[{"added": {}}]	24	1
180	2024-06-28 10:23:40.303062+00	10	Physiotherapie !!!Demnächst!!!	2	[{"changed": {"fields": ["Titel"]}}]	17	1
181	2024-06-30 09:26:07.060373+00	10	Physiotherapie !!!Demnächst!!!	2	[{"changed": {"fields": ["Angebot Bild"]}}]	17	1
182	2024-07-16 16:38:03.756643+00	1	Imprint object (1)	2	[]	24	1
183	2024-07-27 10:17:05.933475+00	10	Physiotherapie	2	[{"changed": {"fields": ["Titel"]}}]	17	1
184	2024-08-04 15:56:14.082755+00	7	Preise	2	[{"changed": {"fields": ["Text", "Mehr Informationen"]}}]	17	1
185	2024-08-04 15:58:46.927957+00	7	Preise	2	[{"changed": {"fields": ["Mehr Informationen"]}}]	17	1
186	2024-08-04 15:58:52.984036+00	10	Physiotherapie	2	[]	17	1
187	2024-08-04 15:59:18.401581+00	4	Pferdeverhaltenstraining	2	[]	17	1
188	2024-08-04 15:59:53.632035+00	10	Physiotherapie	2	[]	17	1
189	2024-08-04 16:00:07.256852+00	4	Pferdeverhaltenstraining	2	[]	17	1
190	2024-08-08 18:33:09.20069+00	7	Preise	2	[{"changed": {"fields": ["Mehr Informationen"]}}]	17	1
191	2024-08-08 18:37:19.990937+00	10	Physiotherapie	2	[{"changed": {"fields": ["Mehr Informationen"]}}]	17	1
192	2024-08-08 18:38:15.979514+00	4	Pferdeverhaltenstraining	2	[]	17	1
193	2024-08-08 18:38:28.912795+00	10	Physiotherapie	2	[]	17	1
194	2024-08-08 18:38:46.010916+00	7	Preise	2	[]	17	1
195	2024-08-08 18:44:50.882801+00	1	TextSection object (1)	2	[{"changed": {"fields": ["Text"]}}]	23	1
196	2024-08-08 19:00:16.181088+00	10	Physiotherapie	2	[{"changed": {"fields": ["Mehr Informationen"]}}]	17	1
197	2024-08-08 19:00:39.550606+00	4	Pferdeverhaltenstraining	2	[]	17	1
198	2024-08-08 19:02:06.709324+00	4	Pferdeverhaltenstraining	2	[{"changed": {"fields": ["Mehr Informationen"]}}]	17	1
199	2024-08-08 19:02:40.058968+00	4	Pferdeverhaltenstraining	2	[]	17	1
200	2024-08-11 18:00:06.846923+00	7	Preise	2	[{"changed": {"fields": ["Mehr Informationen"]}}]	17	1
201	2024-08-11 18:12:59.419392+00	10	Physiotherapie	2	[{"changed": {"fields": ["Angebot Bild"]}}]	17	1
202	2024-08-11 18:15:04.754437+00	10	Physiotherapie	2	[{"changed": {"fields": ["Angebot Bild"]}}]	17	1
203	2024-08-11 18:17:18.168328+00	7	Preise	2	[]	17	1
204	2024-08-11 18:17:36.678455+00	4	Pferdeverhaltenstraining	2	[]	17	1
205	2024-08-11 18:18:02.069695+00	10	Physiotherapie	2	[]	17	1
206	2024-08-11 18:18:51.675872+00	10	Physiotherapie	2	[]	17	1
207	2024-08-11 18:19:05.242401+00	7	Preise	2	[]	17	1
208	2024-08-28 18:44:54.315576+00	10	Physiotherapie	2	[{"changed": {"fields": ["Mehr Informationen"]}}]	17	1
209	2024-08-28 18:45:15.250521+00	7	Preise	2	[]	17	1
210	2024-08-28 18:45:34.82829+00	4	Pferdeverhaltenstraining	2	[]	17	1
211	2024-08-28 18:45:53.988465+00	10	Physiotherapie	2	[]	17	1
212	2024-08-28 18:46:13.991313+00	7	Preise	2	[]	17	1
213	2024-08-29 09:03:46.130932+00	1	Kontaktformular	2	[{"changed": {"fields": ["Title"]}}]	19	1
214	2024-08-29 11:29:23.116734+00	1	Home object (1)	2	[]	13	1
215	2024-08-29 11:39:27.364271+00	1	Imprint object (1)	2	[]	24	1
216	2024-09-02 10:35:41.892406+00	3	Instagram	2	[]	20	1
217	2024-09-10 17:12:16.530217+00	1	Home object (1)	2	[{"changed": {"fields": ["Dein Jobbezeichnung"]}}]	13	1
218	2024-09-27 15:48:46.556301+00	2	Herzlich Willkommen	2	[{"changed": {"fields": ["Text"]}}]	16	1
219	2024-11-07 11:53:17.341129+00	1	Logo	2	[{"changed": {"fields": ["Icon"]}}]	14	1
220	2024-11-07 11:57:59.91988+00	1	Copryright: JohannaZimmermann	2	[{"changed": {"fields": ["Icon"]}}]	22	1
221	2025-01-08 18:36:06.393851+00	7	Preise	2	[{"changed": {"fields": ["Mehr Informationen"]}}]	17	1
222	2025-01-08 18:36:40.504196+00	7	Preise	2	[{"changed": {"fields": ["Mehr Informationen"]}}]	17	1
223	2025-01-08 18:41:20.468023+00	7	Preise	2	[{"changed": {"fields": ["Mehr Informationen"]}}]	17	1
224	2025-02-28 16:40:30.145536+00	1	TextSection object (1)	2	[{"changed": {"fields": ["\\u00dcberschrift", "Text"]}}]	23	1
225	2025-02-28 16:40:50.356645+00	1	TextSection object (1)	2	[]	23	1
226	2025-02-28 16:43:31.069175+00	3	Instagram	2	[{"changed": {"fields": ["Link"]}}]	20	1
227	2025-02-28 16:46:22.420076+00	1	Home object (1)	2	[{"changed": {"fields": ["Dein Jobbezeichnung"]}}]	13	1
228	2025-02-28 16:52:32.502828+00	1	Logo	2	[{"changed": {"fields": ["Icon"]}}]	14	1
229	2025-02-28 16:59:20.519501+00	1	Home object (1)	2	[{"changed": {"fields": ["Name", "Dein Jobbezeichnung"]}}]	13	1
230	2025-02-28 16:59:44.467372+00	1	Home object (1)	2	[{"changed": {"fields": ["Home bild"]}}]	13	1
231	2025-02-28 17:00:17.156417+00	1	Home object (1)	2	[{"changed": {"fields": ["Name", "Dein Jobbezeichnung"]}}]	13	1
232	2025-02-28 17:44:04.219154+00	1	Home object (1)	2	[{"changed": {"fields": ["Home bild"]}}]	13	1
233	2025-02-28 17:44:48.998703+00	1	Home object (1)	2	[{"changed": {"fields": ["Home bild"]}}]	13	1
234	2025-02-28 17:48:28.530083+00	1	Home object (1)	2	[{"changed": {"fields": ["Home bild"]}}]	13	1
235	2025-02-28 17:50:07.501102+00	1	Home object (1)	2	[{"changed": {"fields": ["Home bild"]}}]	13	1
236	2025-02-28 17:51:37.044605+00	1	Home object (1)	2	[{"changed": {"fields": ["Home bild", "Name"]}}]	13	1
237	2025-02-28 17:54:40.538683+00	2	Herzlich Willkommen	2	[{"changed": {"fields": ["Text"]}}]	16	1
238	2025-02-28 18:04:34.111023+00	10	Pferdephysiotherapie	2	[{"changed": {"fields": ["Titel", "Mehr Informationen"]}}]	17	1
239	2025-02-28 18:12:15.007875+00	10	Pferdephysiotherapie	2	[{"changed": {"fields": ["Mehr Informationen"]}}]	17	1
240	2025-02-28 18:17:48.320357+00	4	Pferdeverhaltenstraining	2	[{"changed": {"fields": ["Mehr Informationen"]}}]	17	1
241	2025-02-28 18:18:38.669058+00	4	Pferdeverhaltenstraining	2	[{"changed": {"fields": ["Mehr Informationen"]}}]	17	1
242	2025-02-28 18:29:11.552653+00	7	Preise	2	[{"changed": {"fields": ["Text", "Mehr Informationen"]}}]	17	1
243	2025-02-28 18:29:53.560667+00	7	Preise	2	[{"changed": {"fields": ["Mehr Informationen"]}}]	17	1
244	2025-02-28 18:42:26.964814+00	2	Herzlich Willkommen	2	[{"changed": {"fields": ["Text"]}}]	16	1
245	2025-02-28 18:44:12.016824+00	4	Pferdeverhaltenstraining	2	[{"changed": {"fields": ["Mehr Informationen"]}}]	17	1
246	2025-02-28 18:44:53.6037+00	10	Pferdephysiotherapie	2	[]	17	1
247	2025-03-12 07:23:50.594988+00	11	Qualifikation	1	[{"added": {}}]	17	1
248	2025-03-12 07:24:29.209287+00	11	Qualifikation	2	[{"changed": {"fields": ["Angebot Bild", "Text"]}}]	17	1
249	2025-03-12 07:41:55.441687+00	11	Qualifikation	2	[{"changed": {"fields": ["Mehr Informationen"]}}]	17	1
250	2025-03-12 07:45:50.68399+00	11	Qualifikation	2	[{"changed": {"fields": ["Mehr Informationen"]}}]	17	1
251	2025-03-12 07:50:37.057135+00	11	Qualifikation	2	[{"changed": {"fields": ["Mehr Informationen"]}}]	17	1
252	2025-03-12 08:05:06.983882+00	11	Qualifikation	2	[{"changed": {"fields": ["Text"]}}]	17	1
253	2025-03-12 08:14:50.137518+00	11	Qualifikation	2	[{"changed": {"fields": ["Text"]}}]	17	1
254	2025-03-31 19:48:40.414385+00	1	Home object (1)	2	[]	13	1
255	2025-04-01 13:11:18.673227+00	1	Portfolio	1	[{"added": {}}]	26	1
256	2025-04-01 13:11:45.605285+00	1	Portfolio Image	1	[{"added": {}}]	25	1
257	2025-04-01 13:11:59.622214+00	2	Portfolio Image	1	[{"added": {}}]	25	1
258	2025-04-01 13:12:12.842433+00	3	Portfolio Image	1	[{"added": {}}]	25	1
259	2025-04-01 13:12:26.355908+00	4	Portfolio Image	1	[{"added": {}}]	25	1
260	2025-04-01 13:12:37.647682+00	5	Portfolio Image	1	[{"added": {}}]	25	1
261	2025-04-01 13:12:47.798032+00	6	Portfolio Image	1	[{"added": {}}]	25	1
262	2025-04-01 13:13:35.091996+00	6	Portfolio Image	3		25	1
263	2025-04-01 13:13:35.09291+00	5	Portfolio Image	3		25	1
264	2025-04-01 13:13:35.093411+00	4	Portfolio Image	3		25	1
265	2025-04-01 13:13:35.093885+00	3	Portfolio Image	3		25	1
266	2025-04-01 13:13:35.094326+00	2	Portfolio Image	3		25	1
267	2025-04-01 13:13:35.09477+00	1	Portfolio Image	3		25	1
268	2025-04-01 13:14:05.904777+00	1	Portfolio	3		26	1
269	2025-04-02 15:42:50.398239+00	2	Ausschnitte meiner Arbeit	1	[{"added": {}}]	26	1
270	2025-04-02 15:43:41.087446+00	7	Portfolio Image	1	[{"added": {}}]	25	1
271	2025-04-02 15:45:01.792+00	7	Portfolio Image	3		25	1
272	2025-04-02 15:49:32.860481+00	8	Portfolio Image	1	[{"added": {}}]	25	1
273	2025-04-02 15:50:00.437664+00	9	Portfolio Image	1	[{"added": {}}]	25	1
274	2025-04-02 15:50:58.77215+00	10	Portfolio Image	1	[{"added": {}}]	25	1
275	2025-04-02 15:52:48.046379+00	8	Portfolio Image	2	[{"changed": {"fields": ["Portfolio Bild"]}}]	25	1
276	2025-04-02 15:53:34.07044+00	10	Portfolio Image	2	[{"changed": {"fields": ["Portfolio Bild"]}}]	25	1
277	2025-04-02 15:54:05.79776+00	9	Portfolio Image	2	[{"changed": {"fields": ["Portfolio Bild"]}}]	25	1
278	2025-04-02 15:54:33.013616+00	8	Portfolio Image	2	[{"changed": {"fields": ["Portfolio Bild"]}}]	25	1
279	2025-04-02 15:56:07.040739+00	8	Portfolio Image	2	[{"changed": {"fields": ["Portfolio Bild"]}}]	25	1
\.


--
-- Data for Name: django_content_type; Type: TABLE DATA; Schema: public; Owner: XZelrAJNENgZthpxZSGUaCJvwLVJJslR
--

COPY public.django_content_type (id, app_label, model) FROM stdin;
1	auth	permission
2	auth	group
3	contenttypes	contenttype
4	sessions	session
5	sites	site
6	admin	logentry
7	account	emailaddress
8	account	emailconfirmation
9	socialaccount	socialaccount
10	socialaccount	socialapp
11	socialaccount	socialtoken
12	users	user
13	portfolio	home
14	portfolio	header
15	portfolio	headerlinks
16	portfolio	aboutus
17	portfolio	service
18	portfolio	socialicons
19	portfolio	contact
20	portfolio	socialiconscontact
21	portfolio	form
22	portfolio	footer
23	portfolio	textsection
24	portfolio	imprint
25	portfolio	portfolioimage
26	portfolio	portfolio
\.


--
-- Data for Name: django_migrations; Type: TABLE DATA; Schema: public; Owner: XZelrAJNENgZthpxZSGUaCJvwLVJJslR
--

COPY public.django_migrations (id, app, name, applied) FROM stdin;
1	contenttypes	0001_initial	2024-02-02 11:24:36.474946+00
2	contenttypes	0002_remove_content_type_name	2024-02-02 11:24:36.480537+00
3	auth	0001_initial	2024-02-02 11:24:36.503649+00
4	auth	0002_alter_permission_name_max_length	2024-02-02 11:24:36.508058+00
5	auth	0003_alter_user_email_max_length	2024-02-02 11:24:36.512892+00
6	auth	0004_alter_user_username_opts	2024-02-02 11:24:36.517626+00
7	auth	0005_alter_user_last_login_null	2024-02-02 11:24:36.522455+00
8	auth	0006_require_contenttypes_0002	2024-02-02 11:24:36.524171+00
9	auth	0007_alter_validators_add_error_messages	2024-02-02 11:24:36.530308+00
10	auth	0008_alter_user_username_max_length	2024-02-02 11:24:36.534878+00
11	auth	0009_alter_user_last_name_max_length	2024-02-02 11:24:36.53941+00
12	auth	0010_alter_group_name_max_length	2024-02-02 11:24:36.544768+00
13	auth	0011_update_proxy_permissions	2024-02-02 11:24:36.549279+00
14	auth	0012_alter_user_first_name_max_length	2024-02-02 11:24:36.553964+00
15	users	0001_initial	2024-02-02 11:24:36.576668+00
16	account	0001_initial	2024-02-02 11:24:36.597844+00
17	account	0002_email_max_length	2024-02-02 11:24:36.60534+00
18	account	0003_alter_emailaddress_create_unique_verified_email	2024-02-02 11:24:36.621253+00
19	account	0004_alter_emailaddress_drop_unique_email	2024-02-02 11:24:36.63219+00
20	account	0005_emailaddress_idx_upper_email	2024-02-02 11:24:36.640854+00
21	admin	0001_initial	2024-02-02 11:24:36.658727+00
22	admin	0002_logentry_remove_auto_add	2024-02-02 11:24:36.666344+00
23	admin	0003_logentry_add_action_flag_choices	2024-02-02 11:24:36.67309+00
24	sessions	0001_initial	2024-02-02 11:24:36.680342+00
25	sites	0001_initial	2024-02-02 11:24:36.684063+00
26	sites	0002_alter_domain_unique	2024-02-02 11:24:36.689043+00
27	sites	0003_set_site_domain_and_name	2024-02-02 11:24:36.701745+00
28	sites	0004_alter_options_ordering_domain	2024-02-02 11:24:36.704394+00
29	socialaccount	0001_initial	2024-02-02 11:24:36.757316+00
30	socialaccount	0002_token_max_lengths	2024-02-02 11:24:36.775451+00
31	socialaccount	0003_extra_data_default_dict	2024-02-02 11:24:36.783462+00
32	socialaccount	0004_app_provider_id_settings	2024-02-02 11:24:36.800313+00
33	socialaccount	0005_socialtoken_nullable_app	2024-02-02 11:24:36.814807+00
34	socialaccount	0006_alter_socialaccount_extra_data	2024-02-02 11:24:36.829657+00
35	portfolio	0001_initial	2024-02-04 14:01:27.635198+00
36	portfolio	0002_header_alter_home_image_alter_home_job_role_and_more	2024-02-07 17:34:11.902576+00
37	portfolio	0003_alter_headerlinks_header	2024-02-07 17:34:11.906433+00
38	portfolio	0004_aboutus_service_socialicons	2024-02-07 17:34:11.922778+00
39	portfolio	0005_alter_headerlinks_data_hover_alter_headerlinks_href	2024-02-07 17:34:11.928871+00
40	portfolio	0006_contact_socialiconscontact_form	2024-02-15 19:25:52.678586+00
41	portfolio	0007_contact_title	2024-02-15 19:25:52.684119+00
42	portfolio	0008_footer	2024-02-15 19:25:52.688541+00
43	portfolio	0009_service_slug	2024-02-15 19:43:00.283087+00
44	portfolio	0010_textsection	2024-06-21 15:12:47.045635+00
45	portfolio	0011_imprint	2024-06-24 21:24:45.63969+00
46	portfolio	0012_imprint_city	2024-06-24 21:24:45.646267+00
47	portfolio	0013_imprint_tax_number	2024-06-24 22:15:22.801203+00
48	portfolio	0014_portfolio_portfolioimage	2025-03-31 16:18:28.737506+00
\.


--
-- Data for Name: django_session; Type: TABLE DATA; Schema: public; Owner: XZelrAJNENgZthpxZSGUaCJvwLVJJslR
--

COPY public.django_session (session_key, session_data, expire_date) FROM stdin;
4z0788izyigwpdnp5gbxb6g0n2y15087	.eJxVjMEOwiAQRP-FsyFAWQIevfsNZGG3UjWQlPbU-O-2SQ96nHlvZhMR16XEtfMcJxJXocXlt0uYX1wPQE-sjyZzq8s8JXko8qRd3hvx-3a6fwcFe9nXA2UNTjsOFhmT1WAzqYSAyoJRQTkC8nuCMQTjgzEIwRrvWI3D4LT4fAHSnDbX:1rWais:u2yB_anLdlpxA0kU1AITN5AzRoipEQHybiYa4M_cHJI	2024-02-18 11:31:42.580516+00
a0f3kqmvtlmtbfh8cwfn1keudtjg03hy	.eJxVjMEOwiAQRP-FsyFAWQIevfsNZGG3UjWQlPbU-O-2SQ96nHlvZhMR16XEtfMcJxJXocXlt0uYX1wPQE-sjyZzq8s8JXko8qRd3hvx-3a6fwcFe9nXA2UNTjsOFhmT1WAzqYSAyoJRQTkC8nuCMQTjgzEIwRrvWI3D4LT4fAHSnDbX:1rWc9X:vwLoN77K0nzKoSBEKjxAg7eyING38SS6YI1eP2tefpM	2024-02-18 13:03:19.957386+00
wykyp9oie8v5d7fkbdqjqvuoqx5zrakr	.eJxVjMEOwiAQRP-FsyFAWQIevfsNZGG3UjWQlPbU-O-2SQ96nHlvZhMR16XEtfMcJxJXocXlt0uYX1wPQE-sjyZzq8s8JXko8qRd3hvx-3a6fwcFe9nXA2UNTjsOFhmT1WAzqYSAyoJRQTkC8nuCMQTjgzEIwRrvWI3D4LT4fAHSnDbX:1rXHVN:hW2VoonKfYGRihio8rVTbB3qq2NvewtxWW9r7UGKblM	2024-02-20 09:12:37.663631+00
4dq5m1xb66tdi8cv6k4acf2koxn4z5js	.eJxVjMEOwiAQRP-FsyFAWQIevfsNZGG3UjWQlPbU-O-2SQ96nHlvZhMR16XEtfMcJxJXocXlt0uYX1wPQE-sjyZzq8s8JXko8qRd3hvx-3a6fwcFe9nXA2UNTjsOFhmT1WAzqYSAyoJRQTkC8nuCMQTjgzEIwRrvWI3D4LT4fAHSnDbX:1ratfZ:zo1wstTq7jP9C55cHz2GMn5cPu-RqZ2DFE2VyCK-cRI	2024-03-01 08:34:05.210432+00
z4a9g0stf6a7nrdkq2qihqywpmgg6hr2	.eJxVjMEOwiAQRP-FsyFAWQIevfsNZGG3UjWQlPbU-O-2SQ96nHlvZhMR16XEtfMcJxJXocXlt0uYX1wPQE-sjyZzq8s8JXko8qRd3hvx-3a6fwcFe9nXA2UNTjsOFhmT1WAzqYSAyoJRQTkC8nuCMQTjgzEIwRrvWI3D4LT4fAHSnDbX:1rdpcc:Rzyr2Z4itYm8bAztLnQfKWylYynK80Dv_jhThdNfKzI	2024-03-09 10:51:10.772282+00
vck8se281xmrfas6itjrzm9b4yl7ac4h	.eJxVjMEOwiAQRP-FsyFAWQIevfsNZGG3UjWQlPbU-O-2SQ96nHlvZhMR16XEtfMcJxJXocXlt0uYX1wPQE-sjyZzq8s8JXko8qRd3hvx-3a6fwcFe9nXA2UNTjsOFhmT1WAzqYSAyoJRQTkC8nuCMQTjgzEIwRrvWI3D4LT4fAHSnDbX:1rjGy4:VGcZ4CFQs3ATWZxgAF90K88EISxR0kKY2q65PJnby30	2024-03-24 11:03:48.229074+00
32k9hxwe44ch41bg6sus08s3krnibbne	.eJxVjMEOwiAQRP-FsyFAWQIevfsNZGG3UjWQlPbU-O-2SQ96nHlvZhMR16XEtfMcJxJXocXlt0uYX1wPQE-sjyZzq8s8JXko8qRd3hvx-3a6fwcFe9nXA2UNTjsOFhmT1WAzqYSAyoJRQTkC8nuCMQTjgzEIwRrvWI3D4LT4fAHSnDbX:1rjdyD:EOGy2zirG0bDEChTKrgwjyZVQA_Je7U1TfacP4iRCZw	2024-03-25 11:37:29.072347+00
911kxi1981ifza5rmei60xhkesk0n713	.eJxVjMEOwiAQRP-FsyFAWQIevfsNZGG3UjWQlPbU-O-2SQ96nHlvZhMR16XEtfMcJxJXocXlt0uYX1wPQE-sjyZzq8s8JXko8qRd3hvx-3a6fwcFe9nXA2UNTjsOFhmT1WAzqYSAyoJRQTkC8nuCMQTjgzEIwRrvWI3D4LT4fAHSnDbX:1rk5WB:nCZkVUg9ehql8eQe2kKSVJ7ZjlqjSpwplSAThzQXPi0	2024-03-26 17:02:23.859901+00
6dm9g79k0r024bgsnc18y9r2xru1t8xv	.eJxVjMEOwiAQRP-FsyFAWQIevfsNZGG3UjWQlPbU-O-2SQ96nHlvZhMR16XEtfMcJxJXocXlt0uYX1wPQE-sjyZzq8s8JXko8qRd3hvx-3a6fwcFe9nXA2UNTjsOFhmT1WAzqYSAyoJRQTkC8nuCMQTjgzEIwRrvWI3D4LT4fAHSnDbX:1ropCa:fIu6ksOOIEIfgTzEvaVJW-mercYMe-elnltbwiJokMc	2024-04-08 18:37:44.110184+00
9t1865l0d6tjneiasr3rwohreiw3qjqs	.eJxVjMEOwiAQRP-FsyFAWQIevfsNZGG3UjWQlPbU-O-2SQ96nHlvZhMR16XEtfMcJxJXocXlt0uYX1wPQE-sjyZzq8s8JXko8qRd3hvx-3a6fwcFe9nXA2UNTjsOFhmT1WAzqYSAyoJRQTkC8nuCMQTjgzEIwRrvWI3D4LT4fAHSnDbX:1rqtVm:8N7_LquJfcIqofSfCJpxKbB8tveJL99QENUImRmMNoE	2024-04-14 11:38:06.556856+00
u9mw1andlgjf03c9227cqmvr4pi1vrat	.eJxVjMEOwiAQRP-FsyFAWQIevfsNZGG3UjWQlPbU-O-2SQ96nHlvZhMR16XEtfMcJxJXocXlt0uYX1wPQE-sjyZzq8s8JXko8qRd3hvx-3a6fwcFe9nXA2UNTjsOFhmT1WAzqYSAyoJRQTkC8nuCMQTjgzEIwRrvWI3D4LT4fAHSnDbX:1rqti3:knqmb0nx0TQUU7RdQDEYQzGxwMMuZPTIxIbE0VaXVno	2024-04-14 11:50:47.115026+00
xxgia93ho6vijgtr4cniuugrnqnhubbn	.eJxVjMEOwiAQRP-FsyFAWQIevfsNZGG3UjWQlPbU-O-2SQ96nHlvZhMR16XEtfMcJxJXocXlt0uYX1wPQE-sjyZzq8s8JXko8qRd3hvx-3a6fwcFe9nXA2UNTjsOFhmT1WAzqYSAyoJRQTkC8nuCMQTjgzEIwRrvWI3D4LT4fAHSnDbX:1s4Ifq:OK8GIKYcSE1cKjQrrgK11O_rmmYELWC65-XS_KYBvVg	2024-05-21 11:07:54.918182+00
9fuaw8hlv729ggbk91bo2d7avg7s6p7i	.eJxVjMEOwiAQRP-FsyFAWQIevfsNZGG3UjWQlPbU-O-2SQ96nHlvZhMR16XEtfMcJxJXocXlt0uYX1wPQE-sjyZzq8s8JXko8qRd3hvx-3a6fwcFe9nXA2UNTjsOFhmT1WAzqYSAyoJRQTkC8nuCMQTjgzEIwRrvWI3D4LT4fAHSnDbX:1s6uNx:PiXCSGJ8QiNYYAkpEpGMw4xNwrKB5eoFSnBG5-m86lU	2024-05-28 15:48:13.5196+00
obbxi77hntbe561clzw809klzvj5dtoq	.eJxVjMEOwiAQRP-FsyFAWQIevfsNZGG3UjWQlPbU-O-2SQ96nHlvZhMR16XEtfMcJxJXocXlt0uYX1wPQE-sjyZzq8s8JXko8qRd3hvx-3a6fwcFe9nXA2UNTjsOFhmT1WAzqYSAyoJRQTkC8nuCMQTjgzEIwRrvWI3D4LT4fAHSnDbX:1sAQuE:eEC9VfEvjSjSaOAQgrFLCL_zLkbuCv-4YOx5P1IdLBw	2024-06-07 09:08:06.88728+00
iqnkqnyz7sld9lzf51olu7i8ptp0qvq1	.eJxVjMEOwiAQRP-FsyFAWQIevfsNZGG3UjWQlPbU-O-2SQ96nHlvZhMR16XEtfMcJxJXocXlt0uYX1wPQE-sjyZzq8s8JXko8qRd3hvx-3a6fwcFe9nXA2UNTjsOFhmT1WAzqYSAyoJRQTkC8nuCMQTjgzEIwRrvWI3D4LT4fAHSnDbX:1sHPQB:bQGo8zk6zGHvqrMYN4zC_olodSKcM23BWUBERdd4rLI	2024-06-26 14:57:55.497952+00
gp3we65fiosa3u8l0a6dp9h4kf0jw37a	.eJxVjMEOwiAQRP-FsyFAWQIevfsNZGG3UjWQlPbU-O-2SQ96nHlvZhMR16XEtfMcJxJXocXlt0uYX1wPQE-sjyZzq8s8JXko8qRd3hvx-3a6fwcFe9nXA2UNTjsOFhmT1WAzqYSAyoJRQTkC8nuCMQTjgzEIwRrvWI3D4LT4fAHSnDbX:1sJZbq:Gx67vdp2D6Egx_we5-lOtLndWny7pEg-z6xy1u71MI0	2024-07-02 14:14:54.313934+00
b1od5ozylqsapxhcgwoi1k1dc9uib6e4	.eJxVjMEOwiAQRP-FsyFAWQIevfsNZGG3UjWQlPbU-O-2SQ96nHlvZhMR16XEtfMcJxJXocXlt0uYX1wPQE-sjyZzq8s8JXko8qRd3hvx-3a6fwcFe9nXA2UNTjsOFhmT1WAzqYSAyoJRQTkC8nuCMQTjgzEIwRrvWI3D4LT4fAHSnDbX:1sJa4y:EpNXJ8hrReaSXMfqO4gx4_8P9VHseZUW73Rb1S36j2c	2024-07-02 14:45:00.164287+00
d5oov2s09yi9t4exa35lgpkim3we7qgn	.eJxVjMEOwiAQRP-FsyFAWQIevfsNZGG3UjWQlPbU-O-2SQ96nHlvZhMR16XEtfMcJxJXocXlt0uYX1wPQE-sjyZzq8s8JXko8qRd3hvx-3a6fwcFe9nXA2UNTjsOFhmT1WAzqYSAyoJRQTkC8nuCMQTjgzEIwRrvWI3D4LT4fAHSnDbX:1sKdYx:UPhXAQ_FD7WaF91zqNZVDr53ZbAxTilQl5VUeQGm7Yc	2024-07-05 12:40:19.765424+00
amuxoqcjus4q90m2skxmth8elew3iul1	.eJxVjMEOwiAQRP-FsyFAWQIevfsNZGG3UjWQlPbU-O-2SQ96nHlvZhMR16XEtfMcJxJXocXlt0uYX1wPQE-sjyZzq8s8JXko8qRd3hvx-3a6fwcFe9nXA2UNTjsOFhmT1WAzqYSAyoJRQTkC8nuCMQTjgzEIwRrvWI3D4LT4fAHSnDbX:1sTlBU:D_acJfgdnIY6lBzRMWzIrZBUSjSRa9pzfKDp6Fs--Vg	2024-07-30 16:37:48.591959+00
14wtyonbpaobkg9iilh5223rqyqx2e6t	.eJxVjMEOwiAQRP-FsyFAWQIevfsNZGG3UjWQlPbU-O-2SQ96nHlvZhMR16XEtfMcJxJXocXlt0uYX1wPQE-sjyZzq8s8JXko8qRd3hvx-3a6fwcFe9nXA2UNTjsOFhmT1WAzqYSAyoJRQTkC8nuCMQTjgzEIwRrvWI3D4LT4fAHSnDbX:1sXeTo:6NL8NCfkEf7wVu1Zz230_dL6uMj-FrtjuKTJBPMdzJs	2024-08-10 10:16:48.412135+00
sd4cvbwdtym25z4mggx05404e1o3llkq	.eJxVjMEOwiAQRP-FsyFAWQIevfsNZGG3UjWQlPbU-O-2SQ96nHlvZhMR16XEtfMcJxJXocXlt0uYX1wPQE-sjyZzq8s8JXko8qRd3hvx-3a6fwcFe9nXA2UNTjsOFhmT1WAzqYSAyoJRQTkC8nuCMQTjgzEIwRrvWI3D4LT4fAHSnDbX:1sadO8:nCK0FGWJS4Efe6-hTxtg621fTvtBvYNxGrJkfT_1Mcs	2024-08-18 15:43:16.967274+00
m7i0np8me6jwqdbiknb7pwjjflxatig7	.eJxVjMEOwiAQRP-FsyFAWQIevfsNZGG3UjWQlPbU-O-2SQ96nHlvZhMR16XEtfMcJxJXocXlt0uYX1wPQE-sjyZzq8s8JXko8qRd3hvx-3a6fwcFe9nXA2UNTjsOFhmT1WAzqYSAyoJRQTkC8nuCMQTjgzEIwRrvWI3D4LT4fAHSnDbX:1sc7vT:KqXvKTBjUlmuBobA9iMz1giLrnFqfs7cj17wMS-1GMs	2024-08-22 18:31:51.593172+00
hyg4u9a1d2qepkejc2u848ohttekfnp1	.eJxVjMEOwiAQRP-FsyFAWQIevfsNZGG3UjWQlPbU-O-2SQ96nHlvZhMR16XEtfMcJxJXocXlt0uYX1wPQE-sjyZzq8s8JXko8qRd3hvx-3a6fwcFe9nXA2UNTjsOFhmT1WAzqYSAyoJRQTkC8nuCMQTjgzEIwRrvWI3D4LT4fAHSnDbX:1sjNe4:Hqok8ysR-55jSYEE5uwub5QMcDdGyfHQyuVZDhZNNnE	2024-09-11 18:43:52.74014+00
uncfpvm9s6sta5blu7hbl4kznxg53zv1	.eJxVjMEOwiAQRP-FsyFAWQIevfsNZGG3UjWQlPbU-O-2SQ96nHlvZhMR16XEtfMcJxJXocXlt0uYX1wPQE-sjyZzq8s8JXko8qRd3hvx-3a6fwcFe9nXA2UNTjsOFhmT1WAzqYSAyoJRQTkC8nuCMQTjgzEIwRrvWI3D4LT4fAHSnDbX:1sjb2f:YLuzFhKBJy5haaZnpwFakLmm-r9JZx8icc2aNhqdwS4	2024-09-12 09:02:09.760251+00
8yqc5hq49y0pcx0u1357fe0xsh2ji2jl	.eJxVjMEOwiAQRP-FsyFAWQIevfsNZGG3UjWQlPbU-O-2SQ96nHlvZhMR16XEtfMcJxJXocXlt0uYX1wPQE-sjyZzq8s8JXko8qRd3hvx-3a6fwcFe9nXA2UNTjsOFhmT1WAzqYSAyoJRQTkC8nuCMQTjgzEIwRrvWI3D4LT4fAHSnDbX:1so4No:DRp6f-7aMeJkVFoKAw-hPpeb7TSDRjM2MivBknWk4Tg	2024-09-24 17:10:28.177956+00
7ihnt0yn0c2580q3g1imvvil7mxdrd9d	.eJxVjMEOwiAQRP-FsyFAWQIevfsNZGG3UjWQlPbU-O-2SQ96nHlvZhMR16XEtfMcJxJXocXlt0uYX1wPQE-sjyZzq8s8JXko8qRd3hvx-3a6fwcFe9nXA2UNTjsOFhmT1WAzqYSAyoJRQTkC8nuCMQTjgzEIwRrvWI3D4LT4fAHSnDbX:1suDBq:iTVvt7vhg-oVGXNaSQaYSRke2caTMwY-LfMlSAAE4vI	2024-10-11 15:47:30.386434+00
rg8niz4fu1syihvjh48wu84apccc2lqq	.eJxVjMEOwiAQRP-FsyFAWQIevfsNZGG3UjWQlPbU-O-2SQ96nHlvZhMR16XEtfMcJxJXocXlt0uYX1wPQE-sjyZzq8s8JXko8qRd3hvx-3a6fwcFe9nXA2UNTjsOFhmT1WAzqYSAyoJRQTkC8nuCMQTjgzEIwRrvWI3D4LT4fAHSnDbX:1tVat5:E9X-uVuOLxyvV0o_PtaGsYoq1krJrpsME0ThHOe-PQE	2025-01-22 18:34:39.086579+00
9y0qq3v9kgxjh9nd3wn3kh6ze5sxg427	.eJxVjMEOwiAQRP-FsyFAWQIevfsNZGG3UjWQlPbU-O-2SQ96nHlvZhMR16XEtfMcJxJXocXlt0uYX1wPQE-sjyZzq8s8JXko8qRd3hvx-3a6fwcFe9nXA2UNTjsOFhmT1WAzqYSAyoJRQTkC8nuCMQTjgzEIwRrvWI3D4LT4fAHSnDbX:1to3DJ:vQ3t9kVziu_nvESD08TD1921ASoZisdpaxxmkoImp9Y	2025-03-14 16:27:49.59339+00
whi723t5wdsojh9csc5ihrd3srqzz8ua	.eJxVjMEOwiAQRP-FsyFAWQIevfsNZGG3UjWQlPbU-O-2SQ96nHlvZhMR16XEtfMcJxJXocXlt0uYX1wPQE-sjyZzq8s8JXko8qRd3hvx-3a6fwcFe9nXA2UNTjsOFhmT1WAzqYSAyoJRQTkC8nuCMQTjgzEIwRrvWI3D4LT4fAHSnDbX:1tsFSp:kQvZJACW2-9xv4Rgt7tt-5L0idYJcaSyPFp9s5bAEXE	2025-03-26 06:21:11.128143+00
nhfsrcxwcel5hz2t5qsfb0vk115xa3ff	.eJxVjMEOwiAQRP-FsyFAWQIevfsNZGG3UjWQlPbU-O-2SQ96nHlvZhMR16XEtfMcJxJXocXlt0uYX1wPQE-sjyZzq8s8JXko8qRd3hvx-3a6fwcFe9nXA2UNTjsOFhmT1WAzqYSAyoJRQTkC8nuCMQTjgzEIwRrvWI3D4LT4fAHSnDbX:1tzbOK:si-pJP78ZuDqVZeZngirPRJYlOKqfZdT1CDa49BHVHA	2025-04-15 13:10:56.451112+00
\.


--
-- Data for Name: django_site; Type: TABLE DATA; Schema: public; Owner: XZelrAJNENgZthpxZSGUaCJvwLVJJslR
--

COPY public.django_site (id, domain, name) FROM stdin;
1		portfolio_johanna
\.


--
-- Data for Name: portfolio_aboutus; Type: TABLE DATA; Schema: public; Owner: XZelrAJNENgZthpxZSGUaCJvwLVJJslR
--

COPY public.portfolio_aboutus (id, title, image, text) FROM stdin;
2	Herzlich Willkommen	about/dsc_0446.jpg	Herzlich willkommen auf meiner Homepage! \r\nMein Name ist Johanna Zimmermann und ich bin zertifizierte Pferdephysiotherapeutin sowie erfahrene Pferdeverhaltenstrainerin. Mit Leidenschaft und Hingabe widme ich mich dem Wohlbefinden und der Leistungsfähigkeit Ihres Pferdes.\r\n\r\n𝐍𝐞𝐮:\r\nAb sofort steht für das Verladetraining auch mein Pferdeanhänger zur Verfügung!
\.


--
-- Data for Name: portfolio_contact; Type: TABLE DATA; Schema: public; Owner: XZelrAJNENgZthpxZSGUaCJvwLVJJslR
--

COPY public.portfolio_contact (id, address, email, phone, title) FROM stdin;
1	Prämäckerweg 19, 60433 Frankfurt am Main	zimmermannjohanna233@gmail.com	0151/15565862	Kontaktieren Sie mich
\.


--
-- Data for Name: portfolio_footer; Type: TABLE DATA; Schema: public; Owner: XZelrAJNENgZthpxZSGUaCJvwLVJJslR
--

COPY public.portfolio_footer (id, icon, copy_right) FROM stdin;
1	footer/Traiming.png	JohannaZimmermann
\.


--
-- Data for Name: portfolio_form; Type: TABLE DATA; Schema: public; Owner: XZelrAJNENgZthpxZSGUaCJvwLVJJslR
--

COPY public.portfolio_form (id, title, button_text, name_type, name_name, name_id, name_placeholder, email_type, email_name, email_fiel_id, email_placeholder, message_name, message_fiel_id, message_placeholder, contact_id) FROM stdin;
1	Kontaktieren Sie mich	Abschicken	text	name	name	Name*	email	email	email	Email*	msg	msg	Nachricht*	1
\.


--
-- Data for Name: portfolio_header; Type: TABLE DATA; Schema: public; Owner: XZelrAJNENgZthpxZSGUaCJvwLVJJslR
--

COPY public.portfolio_header (id, icon) FROM stdin;
1	home/image1.png
\.


--
-- Data for Name: portfolio_headerlinks; Type: TABLE DATA; Schema: public; Owner: XZelrAJNENgZthpxZSGUaCJvwLVJJslR
--

COPY public.portfolio_headerlinks (id, name, data_hover, href, header_id) FROM stdin;
4	Home	Home	#home	1
5	Über mich	Über mich	#about	1
6	Kontakt	Kontakt	#contact	1
\.


--
-- Data for Name: portfolio_home; Type: TABLE DATA; Schema: public; Owner: XZelrAJNENgZthpxZSGUaCJvwLVJJslR
--

COPY public.portfolio_home (id, image, name, job_role) FROM stdin;
1	home/IMG_6611_WtslPwu.jpeg	Johanna Zimmermann	Pferdephysiotherapie, Training
\.


--
-- Data for Name: portfolio_imprint; Type: TABLE DATA; Schema: public; Owner: XZelrAJNENgZthpxZSGUaCJvwLVJJslR
--

COPY public.portfolio_imprint (id, company_name, owner_name, street_name, house_number, postel_code, represented_by, phone, email, city, tax_number) FROM stdin;
1	Johanna Zimmermann	Johanna Zimmermann	Prämäckerweg	19	60433	-	0151/15565862	zimmermannjohanna233@gmail.com	Frankfurt	01488635545
\.


--
-- Data for Name: portfolio_portfolio; Type: TABLE DATA; Schema: public; Owner: XZelrAJNENgZthpxZSGUaCJvwLVJJslR
--

COPY public.portfolio_portfolio (id, title) FROM stdin;
2	Ausschnitte meiner Arbeit
\.


--
-- Data for Name: portfolio_portfolioimage; Type: TABLE DATA; Schema: public; Owner: XZelrAJNENgZthpxZSGUaCJvwLVJJslR
--

COPY public.portfolio_portfolioimage (id, image, portfolio_id) FROM stdin;
10	portfolio/IMG_5810_wOmEgT8.PNG	2
9	portfolio/IMG_5764_rTA9xST.PNG	2
8	portfolio/IMG_5765.PNG	2
\.


--
-- Data for Name: portfolio_service; Type: TABLE DATA; Schema: public; Owner: XZelrAJNENgZthpxZSGUaCJvwLVJJslR
--

COPY public.portfolio_service (id, image, title, text, more_information, slug) FROM stdin;
4	about/service/IMG_5805_1_RjKYMuZ.PNG	Pferdeverhaltenstraining	Für ein besseres Miteinander auf allen Ebenen!	Als Pferdeverhaltenstrainerin IVK befasse ich mich umfangreich mit dem Verhalten des Pferdes. Mein Trainingsansatz basiert auf 𝐕𝐞𝐫𝐬𝐭ä𝐧𝐝𝐧𝐢𝐬, 𝐆𝐞𝐝𝐮𝐥𝐝 und einem tiefen 𝐕𝐞𝐫𝐬𝐭ä𝐧𝐝𝐧𝐢𝐬 für die Psyche und das Verhalten. Alles basiert auf einer guten Kommunikation und der Bereitschaft, das Pferd in seiner Persönlichkeit wahrzunehmen. Mir liegt eine stressfreie und harmonische Kommunikation sehr am Herzen.\r\n\r\nDabei habe ich mich auf drei Schwerpunkte spezialisiert:\r\n𝐊𝐨𝐦𝐦𝐮𝐧𝐢𝐤𝐚𝐭𝐢𝐨𝐧𝐬𝐚𝐫𝐛𝐞𝐢𝐭\r\n𝐕𝐞𝐫𝐥𝐚𝐝𝐞𝐭𝐫𝐚𝐢𝐧𝐢𝐧𝐠*\r\n𝐉𝐮𝐧𝐠𝐩𝐟𝐞𝐫𝐝𝐞𝐭𝐫𝐚𝐢𝐧𝐢𝐧𝐠\r\n\r\nNeben dem Training, biete ich außerdem eine umfassende 𝐕𝐞𝐫𝐡𝐚𝐥𝐭𝐞𝐧𝐬𝐛𝐞𝐫𝐚𝐭𝐮𝐧𝐠 telefonisch oder vor Ort an.\r\n\r\n*Im Verladetraining wird das Ein- und Aussteigen trainiert. Ein Fahr-Training ist nicht inkl. und wird von mir auch nicht angeboten.	pferdeverhaltenstraining
10	about/service/IMG_9409_ZCGH1sb.JPG	Pferdephysiotherapie	Für ein Pferdeleben in voller Qualität!	In meiner Arbeit als Pferdephysiotherapeutin, kombiniere ich fundiertes Fachwissen und praktische Erfahrungen. Mein Ziel ist es, die Gesundheit und das Wohlbefinden Ihres Pferdes nachhaltig zu verbessern. Durch gezielte Techniken wie 𝐌𝐚𝐬𝐬𝐚𝐠𝐞𝐧, 𝐌𝐨𝐛𝐢𝐥𝐢𝐬𝐚𝐭𝐢𝐨𝐧𝐞𝐧, 𝐃𝐞𝐡𝐧𝐮𝐧𝐠𝐞𝐧 𝐮𝐧𝐝 𝐩𝐫𝐚𝐤𝐭𝐢𝐬𝐜𝐡𝐞𝐧 Ü𝐛𝐮𝐧𝐠𝐞𝐧, unterstütze ich die Rehabilitation nach Verletzungen/Traumata, lindere Schmerzen und fördere die Beweglichkeit. Jedes Pferd ist einzigartig, daher erstelle ich individuelle Therapiepläne, die genau auf die Bedürfnisse Ihres Tieres abgestimmt sind. \r\nAuch biete ich die Möglichkeit an, nach einer physiotherapeutischen Behandlung, gezieltes 𝐓𝐫𝐚𝐢𝐧𝐢𝐧𝐠 mit an die Hand zu geben. So kann der neue Bewegungsumpfang optimal genutzt werden.\r\n\r\nSofern Ihr Pferd Vorerkrankungen hat, freue ich mich über vorhandene 𝐑ö𝐧𝐭𝐠𝐞𝐧𝐛𝐢𝐥𝐝𝐞𝐫.\r\n\r\n! 𝗚𝗮𝗻𝘇 𝘄𝗶𝗰𝗵𝘁𝗶𝗴, 𝗲𝗶𝗻𝗲 𝗽𝗵𝘆𝘀𝗶𝗼𝘁𝗵𝗲𝗿𝗮𝗽𝗲𝘂𝘁𝗶𝘀𝗰𝗵𝗲 𝗕𝗲𝗵𝗮𝗻𝗱𝗹𝘂𝗻𝗴 𝗲𝗿𝘀𝗲𝘁𝘇𝘁 𝗸𝗲𝗶𝗻𝗲𝗻 𝗧𝗶𝗲𝗿𝗮𝗿𝘇𝘁𝗯𝗲𝘀𝘂𝗰𝗵 !	physiotherapie
7	about/service/dsc_0015.JPG	Preise	Pferdephysiotherapie, Pferdeverhaltenstraining	𝐏𝐟𝐞𝐫𝐝𝐞𝐩𝐡𝐲𝐬𝐢𝐨𝐭𝐡𝐞𝐫𝐚𝐩𝐢𝐞:\r\nErstbehandlung inkl. Anamnese 120€ zzgl. Anfahrt\r\nNachbehandlung 90€ zzgl. Anfahrt \r\n\r\n𝐏𝐟𝐞𝐫𝐝𝐞𝐯𝐞𝐫𝐡𝐚𝐥𝐭𝐞𝐧𝐬𝐭𝐫𝐚𝐢𝐧𝐢𝐧𝐠:\r\nErsttermin inkl. Vorgespräch 60€ zzgl. Anfahrt\r\nFolgetraining 40€ zzgl. Anfahrt\r\nTelefonische Beratung 25€ je 30 Min. \r\n\r\n𝐕𝐞𝐫𝐥𝐚𝐝𝐞𝐭𝐫𝐚𝐢𝐧𝐢𝐧𝐠:\r\nMit meinem Pferdeanhänger* 80€ zzgl. Anfahrt\r\nMit eigenem Pferdeanhänger** 65€ zzgl. Anfahrt\r\n\r\n*Cheval Liberte 2002XL\r\n**Für die Vorbereitung eines Verladetrainings, empfehle ich ein neutrales Training.\r\n\r\n𝐀𝐧𝐟𝐚𝐡𝐫𝐭:\r\nBis 25 Kilometer 10€\r\nAb 25 Kilometer 0,50€ pro gefahrenen Kilometer.\r\nDer individuelle Preis muss vorab angefragt werden. Sofern möglich, plane ich Routen, um Anfahrtskosten zu minimieren.\r\nBei mehreren Kunden an einem Stall, werden die Fahrtkosten anteilig berechnet.\r\n\r\n! 𝐀𝐥𝐥𝐞 𝐏𝐫𝐞𝐢𝐬𝐞 𝐨𝐫𝐢𝐞𝐧𝐭𝐢𝐞𝐫𝐞𝐧 𝐬𝐢𝐜𝐡 𝐚𝐧 𝐝𝐞𝐫 𝐊𝐥𝐞𝐢𝐧𝐮𝐧𝐭𝐞𝐫𝐧𝐞𝐡𝐦𝐞𝐫𝐫𝐞𝐠𝐞𝐥𝐮𝐧𝐠, 𝐰𝐞𝐬𝐡𝐚𝐥𝐛 𝐤𝐞𝐢𝐧𝐞 𝐌𝐞𝐡𝐫𝐰𝐞𝐫𝐭𝐬𝐭𝐞𝐮𝐞𝐫 𝐚𝐮𝐟 𝐝𝐞𝐫 𝐑𝐞𝐜𝐡𝐧𝐮𝐧𝐠 𝐚𝐮𝐟𝐠𝐞𝐟ü𝐡𝐫𝐭 𝐰𝐞𝐫𝐝𝐞𝐧 !	preise
11	about/service/logo_Adam_zCskScA.jpeg	Qualifikation	Über meine Qualifikationen und den Weg zu Pferden.	Vielleicht vorab noch ein paar Worte zu meinem Pferdeweg:\r\nAls Kleinkind mit 4 Jahren, kam ich das erste Mal mit Pferden in Berührung und seitdem sind sie aus meinem Leben nicht mehr wegzudenken. \r\nAngefangen habe ich mit circa 7 Jahren (2010) mit Parelli/Horsemanship auf ArhönA. Regelmäßigen Pferdekontakt durfte ich später bei meiner langjährigen Trainerin und ihrem Pony genießen.\r\n\r\nNach vielen schönen Jahren, habe ich mich nach neuen Möglichkeiten umgeschaut und letztendlich 2021 die 𝐏𝐟𝐞𝐫𝐝𝐞𝐯𝐞𝐫𝐡𝐚𝐥𝐭𝐞𝐧𝐬𝐭𝐫𝐚𝐢𝐧𝐞𝐫 𝐀𝐮𝐬𝐛𝐢𝐥𝐝𝐮𝐧𝐠 am IVK bei 𝐃𝐫. 𝐕𝐢𝐯𝐢𝐚𝐧 𝐆𝐚𝐛𝐨𝐫 und 𝐌𝐚𝐫𝐢𝐞 𝐇𝐞𝐠𝐞𝐫 absolviert. Hier war mein eigenes Pony maßgeblich der Entscheidungsträger. Er kam mit einer sehr schwierigen Vorgeschichte zu mir und ich entschied mich dafür, den Weg gemeinsam mit ihm zu gehen.\r\n\r\nMein Wunsch war es schon immer, auch körperlich für ein Gleichgewicht sorgen zu können. Denn ein Verhalten ist ein Symptom, nie die Ursache und neben Traumata, Unsicherheit etc. kann eben auch ein körperliches Problem ursächlich für ein Verhalten sein.\r\nAlso habe ich Ende 2022 die Ausbildung zur 𝐏𝐟𝐞𝐫𝐝𝐞𝐩𝐡𝐲𝐬𝐢𝐨𝐭𝐡𝐞𝐫𝐚𝐩𝐞𝐮𝐭𝐢𝐧 an der 𝐀𝐓𝐌 begonnen und Mitte 2024 beendet. \r\n\r\nIn der Zukunft plane ich Ende 2025 die Weiterbildung für die 𝐂𝐡𝐢𝐫𝐨𝐩𝐫𝐚𝐤𝐭𝐢𝐤 an der 𝐀𝐓𝐌.	qualifikation
\.


--
-- Data for Name: portfolio_socialicons; Type: TABLE DATA; Schema: public; Owner: XZelrAJNENgZthpxZSGUaCJvwLVJJslR
--

COPY public.portfolio_socialicons (id, name, class_name, href, about_us_id) FROM stdin;
5	asd	asdf	asdf	2
\.


--
-- Data for Name: portfolio_socialiconscontact; Type: TABLE DATA; Schema: public; Owner: XZelrAJNENgZthpxZSGUaCJvwLVJJslR
--

COPY public.portfolio_socialiconscontact (id, name, class_name, href, contact_id) FROM stdin;
1	FaceBook	facebook	https://www.facebook.com/profile.php?id=100028124629188	1
3	Instagram	instagram	https://www.instagram.com/pferdephysio_johannazimmermann	1
\.


--
-- Data for Name: portfolio_textsection; Type: TABLE DATA; Schema: public; Owner: XZelrAJNENgZthpxZSGUaCJvwLVJJslR
--

COPY public.portfolio_textsection (id, header, text) FROM stdin;
1	Meine Philosophie	,,Ein Pferd nachhaltig gesund und fit zu halten, bedeutet für mich, es in seiner Tragkraft und Beweglichkeit zu stärken. Nur ein freies und Bewegliches Pferd, kann die volle Leistung und den vollen Bewegungsumpfang nutzen"\r\n~ Johanna Zimmermann\r\n\r\nAn oberster Stelle steht bei mir das Pferd in seinem Wohlbefinden. Mir ist ein Gleichgewicht zwischen Psyche und physischen Dasein super wichtig. Mein Ziel ist es, das Pferd auf seiner Reise positiv zu stärken. Sei es Körperlich oder auf der mentalen Ebene, z.B. nach einem traumatischen Erlebnis. Das bedarf mehrere Aspekte, weshalb ich mich bewusst für die Kombination aus Training und Pferdephysiotherapie entschieden habe.\r\n\r\nBei der Physiotherapie liegt der Fokus primär bei der Schmerzlinderung. Jedoch liegt es mir sehr am Herzen, auch dafür zu sorgen, dass der volle Bewegungsumpfang wieder hergestellt wird. Doch wann ist eine Behandlung notwendig?\r\n\r\n- Bei Auffälligkeiten im Gangbild \r\n- Bei Rittigkeitsproblemen oder sonstigem Unwohlsein des Pferdes\r\n- Vor dem Anreiten, als Check-up\r\n- Als jährliche Kontrolle zur Überprüfung des Bewegungsapparats\r\n- In der Reha, nach einer Verletzungspause oder OP\r\n\r\nGerne können Sie mich über das Kontaktformular, per WhatsApp oder telefonisch kontaktieren.
\.


--
-- Data for Name: socialaccount_socialaccount; Type: TABLE DATA; Schema: public; Owner: XZelrAJNENgZthpxZSGUaCJvwLVJJslR
--

COPY public.socialaccount_socialaccount (id, provider, uid, last_login, date_joined, extra_data, user_id) FROM stdin;
\.


--
-- Data for Name: socialaccount_socialapp; Type: TABLE DATA; Schema: public; Owner: XZelrAJNENgZthpxZSGUaCJvwLVJJslR
--

COPY public.socialaccount_socialapp (id, provider, name, client_id, secret, key, provider_id, settings) FROM stdin;
\.


--
-- Data for Name: socialaccount_socialapp_sites; Type: TABLE DATA; Schema: public; Owner: XZelrAJNENgZthpxZSGUaCJvwLVJJslR
--

COPY public.socialaccount_socialapp_sites (id, socialapp_id, site_id) FROM stdin;
\.


--
-- Data for Name: socialaccount_socialtoken; Type: TABLE DATA; Schema: public; Owner: XZelrAJNENgZthpxZSGUaCJvwLVJJslR
--

COPY public.socialaccount_socialtoken (id, token, token_secret, expires_at, account_id, app_id) FROM stdin;
\.


--
-- Data for Name: users_user; Type: TABLE DATA; Schema: public; Owner: XZelrAJNENgZthpxZSGUaCJvwLVJJslR
--

COPY public.users_user (id, password, last_login, is_superuser, email, is_staff, is_active, date_joined, name) FROM stdin;
2	argon2$argon2id$v=19$m=102400,t=2,p=8$WUo4M2lJUWl4RHBjSmRXVXVZWEU0cg$6kiB10pzQFjjUC9UParKwuL6m8pKpec7Gamo1tneHec	\N	f	johanna@test.com	f	t	2024-02-04 11:19:43+00	johanna
1	argon2$argon2id$v=19$m=102400,t=2,p=8$cXhUYmY5eXZMbUJlZldwcmlkd0k1aA$0pcxTNIJqoKL5EUMCWGB1BW+r7Fd24FIsb7wQcgfxas	2025-04-02 15:37:44.603878+00	t	test@test.com	t	t	2024-02-02 11:40:31.199073+00	
\.


--
-- Data for Name: users_user_groups; Type: TABLE DATA; Schema: public; Owner: XZelrAJNENgZthpxZSGUaCJvwLVJJslR
--

COPY public.users_user_groups (id, user_id, group_id) FROM stdin;
\.


--
-- Data for Name: users_user_user_permissions; Type: TABLE DATA; Schema: public; Owner: XZelrAJNENgZthpxZSGUaCJvwLVJJslR
--

COPY public.users_user_user_permissions (id, user_id, permission_id) FROM stdin;
\.


--
-- Name: account_emailaddress_id_seq; Type: SEQUENCE SET; Schema: public; Owner: XZelrAJNENgZthpxZSGUaCJvwLVJJslR
--

SELECT pg_catalog.setval('public.account_emailaddress_id_seq', 1, false);


--
-- Name: account_emailconfirmation_id_seq; Type: SEQUENCE SET; Schema: public; Owner: XZelrAJNENgZthpxZSGUaCJvwLVJJslR
--

SELECT pg_catalog.setval('public.account_emailconfirmation_id_seq', 1, false);


--
-- Name: auth_group_id_seq; Type: SEQUENCE SET; Schema: public; Owner: XZelrAJNENgZthpxZSGUaCJvwLVJJslR
--

SELECT pg_catalog.setval('public.auth_group_id_seq', 1, false);


--
-- Name: auth_group_permissions_id_seq; Type: SEQUENCE SET; Schema: public; Owner: XZelrAJNENgZthpxZSGUaCJvwLVJJslR
--

SELECT pg_catalog.setval('public.auth_group_permissions_id_seq', 1, false);


--
-- Name: auth_permission_id_seq; Type: SEQUENCE SET; Schema: public; Owner: XZelrAJNENgZthpxZSGUaCJvwLVJJslR
--

SELECT pg_catalog.setval('public.auth_permission_id_seq', 104, true);


--
-- Name: django_admin_log_id_seq; Type: SEQUENCE SET; Schema: public; Owner: XZelrAJNENgZthpxZSGUaCJvwLVJJslR
--

SELECT pg_catalog.setval('public.django_admin_log_id_seq', 279, true);


--
-- Name: django_content_type_id_seq; Type: SEQUENCE SET; Schema: public; Owner: XZelrAJNENgZthpxZSGUaCJvwLVJJslR
--

SELECT pg_catalog.setval('public.django_content_type_id_seq', 26, true);


--
-- Name: django_migrations_id_seq; Type: SEQUENCE SET; Schema: public; Owner: XZelrAJNENgZthpxZSGUaCJvwLVJJslR
--

SELECT pg_catalog.setval('public.django_migrations_id_seq', 48, true);


--
-- Name: django_site_id_seq; Type: SEQUENCE SET; Schema: public; Owner: XZelrAJNENgZthpxZSGUaCJvwLVJJslR
--

SELECT pg_catalog.setval('public.django_site_id_seq', 2, false);


--
-- Name: portfolio_aboutus_id_seq; Type: SEQUENCE SET; Schema: public; Owner: XZelrAJNENgZthpxZSGUaCJvwLVJJslR
--

SELECT pg_catalog.setval('public.portfolio_aboutus_id_seq', 3, true);


--
-- Name: portfolio_contact_id_seq; Type: SEQUENCE SET; Schema: public; Owner: XZelrAJNENgZthpxZSGUaCJvwLVJJslR
--

SELECT pg_catalog.setval('public.portfolio_contact_id_seq', 1, true);


--
-- Name: portfolio_footer_id_seq; Type: SEQUENCE SET; Schema: public; Owner: XZelrAJNENgZthpxZSGUaCJvwLVJJslR
--

SELECT pg_catalog.setval('public.portfolio_footer_id_seq', 1, true);


--
-- Name: portfolio_form_id_seq; Type: SEQUENCE SET; Schema: public; Owner: XZelrAJNENgZthpxZSGUaCJvwLVJJslR
--

SELECT pg_catalog.setval('public.portfolio_form_id_seq', 1, true);


--
-- Name: portfolio_header_id_seq; Type: SEQUENCE SET; Schema: public; Owner: XZelrAJNENgZthpxZSGUaCJvwLVJJslR
--

SELECT pg_catalog.setval('public.portfolio_header_id_seq', 1, true);


--
-- Name: portfolio_headerlinks_id_seq; Type: SEQUENCE SET; Schema: public; Owner: XZelrAJNENgZthpxZSGUaCJvwLVJJslR
--

SELECT pg_catalog.setval('public.portfolio_headerlinks_id_seq', 6, true);


--
-- Name: portfolio_home_id_seq; Type: SEQUENCE SET; Schema: public; Owner: XZelrAJNENgZthpxZSGUaCJvwLVJJslR
--

SELECT pg_catalog.setval('public.portfolio_home_id_seq', 1, true);


--
-- Name: portfolio_imprint_id_seq; Type: SEQUENCE SET; Schema: public; Owner: XZelrAJNENgZthpxZSGUaCJvwLVJJslR
--

SELECT pg_catalog.setval('public.portfolio_imprint_id_seq', 1, true);


--
-- Name: portfolio_portfolio_id_seq; Type: SEQUENCE SET; Schema: public; Owner: XZelrAJNENgZthpxZSGUaCJvwLVJJslR
--

SELECT pg_catalog.setval('public.portfolio_portfolio_id_seq', 2, true);


--
-- Name: portfolio_portfolioimage_id_seq; Type: SEQUENCE SET; Schema: public; Owner: XZelrAJNENgZthpxZSGUaCJvwLVJJslR
--

SELECT pg_catalog.setval('public.portfolio_portfolioimage_id_seq', 10, true);


--
-- Name: portfolio_service_id_seq; Type: SEQUENCE SET; Schema: public; Owner: XZelrAJNENgZthpxZSGUaCJvwLVJJslR
--

SELECT pg_catalog.setval('public.portfolio_service_id_seq', 11, true);


--
-- Name: portfolio_socialicons_id_seq; Type: SEQUENCE SET; Schema: public; Owner: XZelrAJNENgZthpxZSGUaCJvwLVJJslR
--

SELECT pg_catalog.setval('public.portfolio_socialicons_id_seq', 6, true);


--
-- Name: portfolio_socialiconscontact_id_seq; Type: SEQUENCE SET; Schema: public; Owner: XZelrAJNENgZthpxZSGUaCJvwLVJJslR
--

SELECT pg_catalog.setval('public.portfolio_socialiconscontact_id_seq', 5, true);


--
-- Name: portfolio_textsection_id_seq; Type: SEQUENCE SET; Schema: public; Owner: XZelrAJNENgZthpxZSGUaCJvwLVJJslR
--

SELECT pg_catalog.setval('public.portfolio_textsection_id_seq', 1, true);


--
-- Name: socialaccount_socialaccount_id_seq; Type: SEQUENCE SET; Schema: public; Owner: XZelrAJNENgZthpxZSGUaCJvwLVJJslR
--

SELECT pg_catalog.setval('public.socialaccount_socialaccount_id_seq', 1, false);


--
-- Name: socialaccount_socialapp_id_seq; Type: SEQUENCE SET; Schema: public; Owner: XZelrAJNENgZthpxZSGUaCJvwLVJJslR
--

SELECT pg_catalog.setval('public.socialaccount_socialapp_id_seq', 1, false);


--
-- Name: socialaccount_socialapp_sites_id_seq; Type: SEQUENCE SET; Schema: public; Owner: XZelrAJNENgZthpxZSGUaCJvwLVJJslR
--

SELECT pg_catalog.setval('public.socialaccount_socialapp_sites_id_seq', 1, false);


--
-- Name: socialaccount_socialtoken_id_seq; Type: SEQUENCE SET; Schema: public; Owner: XZelrAJNENgZthpxZSGUaCJvwLVJJslR
--

SELECT pg_catalog.setval('public.socialaccount_socialtoken_id_seq', 1, false);


--
-- Name: users_user_groups_id_seq; Type: SEQUENCE SET; Schema: public; Owner: XZelrAJNENgZthpxZSGUaCJvwLVJJslR
--

SELECT pg_catalog.setval('public.users_user_groups_id_seq', 1, false);


--
-- Name: users_user_id_seq; Type: SEQUENCE SET; Schema: public; Owner: XZelrAJNENgZthpxZSGUaCJvwLVJJslR
--

SELECT pg_catalog.setval('public.users_user_id_seq', 2, true);


--
-- Name: users_user_user_permissions_id_seq; Type: SEQUENCE SET; Schema: public; Owner: XZelrAJNENgZthpxZSGUaCJvwLVJJslR
--

SELECT pg_catalog.setval('public.users_user_user_permissions_id_seq', 1, false);


--
-- Name: account_emailaddress account_emailaddress_pkey; Type: CONSTRAINT; Schema: public; Owner: XZelrAJNENgZthpxZSGUaCJvwLVJJslR
--

ALTER TABLE ONLY public.account_emailaddress
    ADD CONSTRAINT account_emailaddress_pkey PRIMARY KEY (id);


--
-- Name: account_emailaddress account_emailaddress_user_id_email_987c8728_uniq; Type: CONSTRAINT; Schema: public; Owner: XZelrAJNENgZthpxZSGUaCJvwLVJJslR
--

ALTER TABLE ONLY public.account_emailaddress
    ADD CONSTRAINT account_emailaddress_user_id_email_987c8728_uniq UNIQUE (user_id, email);


--
-- Name: account_emailconfirmation account_emailconfirmation_key_key; Type: CONSTRAINT; Schema: public; Owner: XZelrAJNENgZthpxZSGUaCJvwLVJJslR
--

ALTER TABLE ONLY public.account_emailconfirmation
    ADD CONSTRAINT account_emailconfirmation_key_key UNIQUE (key);


--
-- Name: account_emailconfirmation account_emailconfirmation_pkey; Type: CONSTRAINT; Schema: public; Owner: XZelrAJNENgZthpxZSGUaCJvwLVJJslR
--

ALTER TABLE ONLY public.account_emailconfirmation
    ADD CONSTRAINT account_emailconfirmation_pkey PRIMARY KEY (id);


--
-- Name: auth_group auth_group_name_key; Type: CONSTRAINT; Schema: public; Owner: XZelrAJNENgZthpxZSGUaCJvwLVJJslR
--

ALTER TABLE ONLY public.auth_group
    ADD CONSTRAINT auth_group_name_key UNIQUE (name);


--
-- Name: auth_group_permissions auth_group_permissions_group_id_permission_id_0cd325b0_uniq; Type: CONSTRAINT; Schema: public; Owner: XZelrAJNENgZthpxZSGUaCJvwLVJJslR
--

ALTER TABLE ONLY public.auth_group_permissions
    ADD CONSTRAINT auth_group_permissions_group_id_permission_id_0cd325b0_uniq UNIQUE (group_id, permission_id);


--
-- Name: auth_group_permissions auth_group_permissions_pkey; Type: CONSTRAINT; Schema: public; Owner: XZelrAJNENgZthpxZSGUaCJvwLVJJslR
--

ALTER TABLE ONLY public.auth_group_permissions
    ADD CONSTRAINT auth_group_permissions_pkey PRIMARY KEY (id);


--
-- Name: auth_group auth_group_pkey; Type: CONSTRAINT; Schema: public; Owner: XZelrAJNENgZthpxZSGUaCJvwLVJJslR
--

ALTER TABLE ONLY public.auth_group
    ADD CONSTRAINT auth_group_pkey PRIMARY KEY (id);


--
-- Name: auth_permission auth_permission_content_type_id_codename_01ab375a_uniq; Type: CONSTRAINT; Schema: public; Owner: XZelrAJNENgZthpxZSGUaCJvwLVJJslR
--

ALTER TABLE ONLY public.auth_permission
    ADD CONSTRAINT auth_permission_content_type_id_codename_01ab375a_uniq UNIQUE (content_type_id, codename);


--
-- Name: auth_permission auth_permission_pkey; Type: CONSTRAINT; Schema: public; Owner: XZelrAJNENgZthpxZSGUaCJvwLVJJslR
--

ALTER TABLE ONLY public.auth_permission
    ADD CONSTRAINT auth_permission_pkey PRIMARY KEY (id);


--
-- Name: django_admin_log django_admin_log_pkey; Type: CONSTRAINT; Schema: public; Owner: XZelrAJNENgZthpxZSGUaCJvwLVJJslR
--

ALTER TABLE ONLY public.django_admin_log
    ADD CONSTRAINT django_admin_log_pkey PRIMARY KEY (id);


--
-- Name: django_content_type django_content_type_app_label_model_76bd3d3b_uniq; Type: CONSTRAINT; Schema: public; Owner: XZelrAJNENgZthpxZSGUaCJvwLVJJslR
--

ALTER TABLE ONLY public.django_content_type
    ADD CONSTRAINT django_content_type_app_label_model_76bd3d3b_uniq UNIQUE (app_label, model);


--
-- Name: django_content_type django_content_type_pkey; Type: CONSTRAINT; Schema: public; Owner: XZelrAJNENgZthpxZSGUaCJvwLVJJslR
--

ALTER TABLE ONLY public.django_content_type
    ADD CONSTRAINT django_content_type_pkey PRIMARY KEY (id);


--
-- Name: django_migrations django_migrations_pkey; Type: CONSTRAINT; Schema: public; Owner: XZelrAJNENgZthpxZSGUaCJvwLVJJslR
--

ALTER TABLE ONLY public.django_migrations
    ADD CONSTRAINT django_migrations_pkey PRIMARY KEY (id);


--
-- Name: django_session django_session_pkey; Type: CONSTRAINT; Schema: public; Owner: XZelrAJNENgZthpxZSGUaCJvwLVJJslR
--

ALTER TABLE ONLY public.django_session
    ADD CONSTRAINT django_session_pkey PRIMARY KEY (session_key);


--
-- Name: django_site django_site_domain_a2e37b91_uniq; Type: CONSTRAINT; Schema: public; Owner: XZelrAJNENgZthpxZSGUaCJvwLVJJslR
--

ALTER TABLE ONLY public.django_site
    ADD CONSTRAINT django_site_domain_a2e37b91_uniq UNIQUE (domain);


--
-- Name: django_site django_site_pkey; Type: CONSTRAINT; Schema: public; Owner: XZelrAJNENgZthpxZSGUaCJvwLVJJslR
--

ALTER TABLE ONLY public.django_site
    ADD CONSTRAINT django_site_pkey PRIMARY KEY (id);


--
-- Name: portfolio_aboutus portfolio_aboutus_pkey; Type: CONSTRAINT; Schema: public; Owner: XZelrAJNENgZthpxZSGUaCJvwLVJJslR
--

ALTER TABLE ONLY public.portfolio_aboutus
    ADD CONSTRAINT portfolio_aboutus_pkey PRIMARY KEY (id);


--
-- Name: portfolio_contact portfolio_contact_pkey; Type: CONSTRAINT; Schema: public; Owner: XZelrAJNENgZthpxZSGUaCJvwLVJJslR
--

ALTER TABLE ONLY public.portfolio_contact
    ADD CONSTRAINT portfolio_contact_pkey PRIMARY KEY (id);


--
-- Name: portfolio_footer portfolio_footer_pkey; Type: CONSTRAINT; Schema: public; Owner: XZelrAJNENgZthpxZSGUaCJvwLVJJslR
--

ALTER TABLE ONLY public.portfolio_footer
    ADD CONSTRAINT portfolio_footer_pkey PRIMARY KEY (id);


--
-- Name: portfolio_form portfolio_form_pkey; Type: CONSTRAINT; Schema: public; Owner: XZelrAJNENgZthpxZSGUaCJvwLVJJslR
--

ALTER TABLE ONLY public.portfolio_form
    ADD CONSTRAINT portfolio_form_pkey PRIMARY KEY (id);


--
-- Name: portfolio_header portfolio_header_pkey; Type: CONSTRAINT; Schema: public; Owner: XZelrAJNENgZthpxZSGUaCJvwLVJJslR
--

ALTER TABLE ONLY public.portfolio_header
    ADD CONSTRAINT portfolio_header_pkey PRIMARY KEY (id);


--
-- Name: portfolio_headerlinks portfolio_headerlinks_pkey; Type: CONSTRAINT; Schema: public; Owner: XZelrAJNENgZthpxZSGUaCJvwLVJJslR
--

ALTER TABLE ONLY public.portfolio_headerlinks
    ADD CONSTRAINT portfolio_headerlinks_pkey PRIMARY KEY (id);


--
-- Name: portfolio_home portfolio_home_pkey; Type: CONSTRAINT; Schema: public; Owner: XZelrAJNENgZthpxZSGUaCJvwLVJJslR
--

ALTER TABLE ONLY public.portfolio_home
    ADD CONSTRAINT portfolio_home_pkey PRIMARY KEY (id);


--
-- Name: portfolio_imprint portfolio_imprint_pkey; Type: CONSTRAINT; Schema: public; Owner: XZelrAJNENgZthpxZSGUaCJvwLVJJslR
--

ALTER TABLE ONLY public.portfolio_imprint
    ADD CONSTRAINT portfolio_imprint_pkey PRIMARY KEY (id);


--
-- Name: portfolio_portfolio portfolio_portfolio_pkey; Type: CONSTRAINT; Schema: public; Owner: XZelrAJNENgZthpxZSGUaCJvwLVJJslR
--

ALTER TABLE ONLY public.portfolio_portfolio
    ADD CONSTRAINT portfolio_portfolio_pkey PRIMARY KEY (id);


--
-- Name: portfolio_portfolioimage portfolio_portfolioimage_pkey; Type: CONSTRAINT; Schema: public; Owner: XZelrAJNENgZthpxZSGUaCJvwLVJJslR
--

ALTER TABLE ONLY public.portfolio_portfolioimage
    ADD CONSTRAINT portfolio_portfolioimage_pkey PRIMARY KEY (id);


--
-- Name: portfolio_service portfolio_service_pkey; Type: CONSTRAINT; Schema: public; Owner: XZelrAJNENgZthpxZSGUaCJvwLVJJslR
--

ALTER TABLE ONLY public.portfolio_service
    ADD CONSTRAINT portfolio_service_pkey PRIMARY KEY (id);


--
-- Name: portfolio_socialicons portfolio_socialicons_pkey; Type: CONSTRAINT; Schema: public; Owner: XZelrAJNENgZthpxZSGUaCJvwLVJJslR
--

ALTER TABLE ONLY public.portfolio_socialicons
    ADD CONSTRAINT portfolio_socialicons_pkey PRIMARY KEY (id);


--
-- Name: portfolio_socialiconscontact portfolio_socialiconscontact_pkey; Type: CONSTRAINT; Schema: public; Owner: XZelrAJNENgZthpxZSGUaCJvwLVJJslR
--

ALTER TABLE ONLY public.portfolio_socialiconscontact
    ADD CONSTRAINT portfolio_socialiconscontact_pkey PRIMARY KEY (id);


--
-- Name: portfolio_textsection portfolio_textsection_pkey; Type: CONSTRAINT; Schema: public; Owner: XZelrAJNENgZthpxZSGUaCJvwLVJJslR
--

ALTER TABLE ONLY public.portfolio_textsection
    ADD CONSTRAINT portfolio_textsection_pkey PRIMARY KEY (id);


--
-- Name: socialaccount_socialaccount socialaccount_socialaccount_pkey; Type: CONSTRAINT; Schema: public; Owner: XZelrAJNENgZthpxZSGUaCJvwLVJJslR
--

ALTER TABLE ONLY public.socialaccount_socialaccount
    ADD CONSTRAINT socialaccount_socialaccount_pkey PRIMARY KEY (id);


--
-- Name: socialaccount_socialaccount socialaccount_socialaccount_provider_uid_fc810c6e_uniq; Type: CONSTRAINT; Schema: public; Owner: XZelrAJNENgZthpxZSGUaCJvwLVJJslR
--

ALTER TABLE ONLY public.socialaccount_socialaccount
    ADD CONSTRAINT socialaccount_socialaccount_provider_uid_fc810c6e_uniq UNIQUE (provider, uid);


--
-- Name: socialaccount_socialapp_sites socialaccount_socialapp__socialapp_id_site_id_71a9a768_uniq; Type: CONSTRAINT; Schema: public; Owner: XZelrAJNENgZthpxZSGUaCJvwLVJJslR
--

ALTER TABLE ONLY public.socialaccount_socialapp_sites
    ADD CONSTRAINT socialaccount_socialapp__socialapp_id_site_id_71a9a768_uniq UNIQUE (socialapp_id, site_id);


--
-- Name: socialaccount_socialapp socialaccount_socialapp_pkey; Type: CONSTRAINT; Schema: public; Owner: XZelrAJNENgZthpxZSGUaCJvwLVJJslR
--

ALTER TABLE ONLY public.socialaccount_socialapp
    ADD CONSTRAINT socialaccount_socialapp_pkey PRIMARY KEY (id);


--
-- Name: socialaccount_socialapp_sites socialaccount_socialapp_sites_pkey; Type: CONSTRAINT; Schema: public; Owner: XZelrAJNENgZthpxZSGUaCJvwLVJJslR
--

ALTER TABLE ONLY public.socialaccount_socialapp_sites
    ADD CONSTRAINT socialaccount_socialapp_sites_pkey PRIMARY KEY (id);


--
-- Name: socialaccount_socialtoken socialaccount_socialtoken_app_id_account_id_fca4e0ac_uniq; Type: CONSTRAINT; Schema: public; Owner: XZelrAJNENgZthpxZSGUaCJvwLVJJslR
--

ALTER TABLE ONLY public.socialaccount_socialtoken
    ADD CONSTRAINT socialaccount_socialtoken_app_id_account_id_fca4e0ac_uniq UNIQUE (app_id, account_id);


--
-- Name: socialaccount_socialtoken socialaccount_socialtoken_pkey; Type: CONSTRAINT; Schema: public; Owner: XZelrAJNENgZthpxZSGUaCJvwLVJJslR
--

ALTER TABLE ONLY public.socialaccount_socialtoken
    ADD CONSTRAINT socialaccount_socialtoken_pkey PRIMARY KEY (id);


--
-- Name: users_user users_user_email_key; Type: CONSTRAINT; Schema: public; Owner: XZelrAJNENgZthpxZSGUaCJvwLVJJslR
--

ALTER TABLE ONLY public.users_user
    ADD CONSTRAINT users_user_email_key UNIQUE (email);


--
-- Name: users_user_groups users_user_groups_pkey; Type: CONSTRAINT; Schema: public; Owner: XZelrAJNENgZthpxZSGUaCJvwLVJJslR
--

ALTER TABLE ONLY public.users_user_groups
    ADD CONSTRAINT users_user_groups_pkey PRIMARY KEY (id);


--
-- Name: users_user_groups users_user_groups_user_id_group_id_b88eab82_uniq; Type: CONSTRAINT; Schema: public; Owner: XZelrAJNENgZthpxZSGUaCJvwLVJJslR
--

ALTER TABLE ONLY public.users_user_groups
    ADD CONSTRAINT users_user_groups_user_id_group_id_b88eab82_uniq UNIQUE (user_id, group_id);


--
-- Name: users_user users_user_pkey; Type: CONSTRAINT; Schema: public; Owner: XZelrAJNENgZthpxZSGUaCJvwLVJJslR
--

ALTER TABLE ONLY public.users_user
    ADD CONSTRAINT users_user_pkey PRIMARY KEY (id);


--
-- Name: users_user_user_permissions users_user_user_permissions_pkey; Type: CONSTRAINT; Schema: public; Owner: XZelrAJNENgZthpxZSGUaCJvwLVJJslR
--

ALTER TABLE ONLY public.users_user_user_permissions
    ADD CONSTRAINT users_user_user_permissions_pkey PRIMARY KEY (id);


--
-- Name: users_user_user_permissions users_user_user_permissions_user_id_permission_id_43338c45_uniq; Type: CONSTRAINT; Schema: public; Owner: XZelrAJNENgZthpxZSGUaCJvwLVJJslR
--

ALTER TABLE ONLY public.users_user_user_permissions
    ADD CONSTRAINT users_user_user_permissions_user_id_permission_id_43338c45_uniq UNIQUE (user_id, permission_id);


--
-- Name: account_emailaddress_upper; Type: INDEX; Schema: public; Owner: XZelrAJNENgZthpxZSGUaCJvwLVJJslR
--

CREATE INDEX account_emailaddress_upper ON public.account_emailaddress USING btree (upper((email)::text));


--
-- Name: account_emailaddress_user_id_2c513194; Type: INDEX; Schema: public; Owner: XZelrAJNENgZthpxZSGUaCJvwLVJJslR
--

CREATE INDEX account_emailaddress_user_id_2c513194 ON public.account_emailaddress USING btree (user_id);


--
-- Name: account_emailconfirmation_email_address_id_5b7f8c58; Type: INDEX; Schema: public; Owner: XZelrAJNENgZthpxZSGUaCJvwLVJJslR
--

CREATE INDEX account_emailconfirmation_email_address_id_5b7f8c58 ON public.account_emailconfirmation USING btree (email_address_id);


--
-- Name: account_emailconfirmation_key_f43612bd_like; Type: INDEX; Schema: public; Owner: XZelrAJNENgZthpxZSGUaCJvwLVJJslR
--

CREATE INDEX account_emailconfirmation_key_f43612bd_like ON public.account_emailconfirmation USING btree (key varchar_pattern_ops);


--
-- Name: auth_group_name_a6ea08ec_like; Type: INDEX; Schema: public; Owner: XZelrAJNENgZthpxZSGUaCJvwLVJJslR
--

CREATE INDEX auth_group_name_a6ea08ec_like ON public.auth_group USING btree (name varchar_pattern_ops);


--
-- Name: auth_group_permissions_group_id_b120cbf9; Type: INDEX; Schema: public; Owner: XZelrAJNENgZthpxZSGUaCJvwLVJJslR
--

CREATE INDEX auth_group_permissions_group_id_b120cbf9 ON public.auth_group_permissions USING btree (group_id);


--
-- Name: auth_group_permissions_permission_id_84c5c92e; Type: INDEX; Schema: public; Owner: XZelrAJNENgZthpxZSGUaCJvwLVJJslR
--

CREATE INDEX auth_group_permissions_permission_id_84c5c92e ON public.auth_group_permissions USING btree (permission_id);


--
-- Name: auth_permission_content_type_id_2f476e4b; Type: INDEX; Schema: public; Owner: XZelrAJNENgZthpxZSGUaCJvwLVJJslR
--

CREATE INDEX auth_permission_content_type_id_2f476e4b ON public.auth_permission USING btree (content_type_id);


--
-- Name: django_admin_log_content_type_id_c4bce8eb; Type: INDEX; Schema: public; Owner: XZelrAJNENgZthpxZSGUaCJvwLVJJslR
--

CREATE INDEX django_admin_log_content_type_id_c4bce8eb ON public.django_admin_log USING btree (content_type_id);


--
-- Name: django_admin_log_user_id_c564eba6; Type: INDEX; Schema: public; Owner: XZelrAJNENgZthpxZSGUaCJvwLVJJslR
--

CREATE INDEX django_admin_log_user_id_c564eba6 ON public.django_admin_log USING btree (user_id);


--
-- Name: django_session_expire_date_a5c62663; Type: INDEX; Schema: public; Owner: XZelrAJNENgZthpxZSGUaCJvwLVJJslR
--

CREATE INDEX django_session_expire_date_a5c62663 ON public.django_session USING btree (expire_date);


--
-- Name: django_session_session_key_c0390e0f_like; Type: INDEX; Schema: public; Owner: XZelrAJNENgZthpxZSGUaCJvwLVJJslR
--

CREATE INDEX django_session_session_key_c0390e0f_like ON public.django_session USING btree (session_key varchar_pattern_ops);


--
-- Name: django_site_domain_a2e37b91_like; Type: INDEX; Schema: public; Owner: XZelrAJNENgZthpxZSGUaCJvwLVJJslR
--

CREATE INDEX django_site_domain_a2e37b91_like ON public.django_site USING btree (domain varchar_pattern_ops);


--
-- Name: portfolio_form_contact_id_361d3a62; Type: INDEX; Schema: public; Owner: XZelrAJNENgZthpxZSGUaCJvwLVJJslR
--

CREATE INDEX portfolio_form_contact_id_361d3a62 ON public.portfolio_form USING btree (contact_id);


--
-- Name: portfolio_headerlinks_header_id_779a7f7d; Type: INDEX; Schema: public; Owner: XZelrAJNENgZthpxZSGUaCJvwLVJJslR
--

CREATE INDEX portfolio_headerlinks_header_id_779a7f7d ON public.portfolio_headerlinks USING btree (header_id);


--
-- Name: portfolio_portfolioimage_portfolio_id_f77a253c; Type: INDEX; Schema: public; Owner: XZelrAJNENgZthpxZSGUaCJvwLVJJslR
--

CREATE INDEX portfolio_portfolioimage_portfolio_id_f77a253c ON public.portfolio_portfolioimage USING btree (portfolio_id);


--
-- Name: portfolio_service_slug_ecf423cc; Type: INDEX; Schema: public; Owner: XZelrAJNENgZthpxZSGUaCJvwLVJJslR
--

CREATE INDEX portfolio_service_slug_ecf423cc ON public.portfolio_service USING btree (slug);


--
-- Name: portfolio_service_slug_ecf423cc_like; Type: INDEX; Schema: public; Owner: XZelrAJNENgZthpxZSGUaCJvwLVJJslR
--

CREATE INDEX portfolio_service_slug_ecf423cc_like ON public.portfolio_service USING btree (slug varchar_pattern_ops);


--
-- Name: portfolio_socialicons_about_us_id_7de8d2d2; Type: INDEX; Schema: public; Owner: XZelrAJNENgZthpxZSGUaCJvwLVJJslR
--

CREATE INDEX portfolio_socialicons_about_us_id_7de8d2d2 ON public.portfolio_socialicons USING btree (about_us_id);


--
-- Name: portfolio_socialiconscontact_contact_id_59a06804; Type: INDEX; Schema: public; Owner: XZelrAJNENgZthpxZSGUaCJvwLVJJslR
--

CREATE INDEX portfolio_socialiconscontact_contact_id_59a06804 ON public.portfolio_socialiconscontact USING btree (contact_id);


--
-- Name: socialaccount_socialaccount_user_id_8146e70c; Type: INDEX; Schema: public; Owner: XZelrAJNENgZthpxZSGUaCJvwLVJJslR
--

CREATE INDEX socialaccount_socialaccount_user_id_8146e70c ON public.socialaccount_socialaccount USING btree (user_id);


--
-- Name: socialaccount_socialapp_sites_site_id_2579dee5; Type: INDEX; Schema: public; Owner: XZelrAJNENgZthpxZSGUaCJvwLVJJslR
--

CREATE INDEX socialaccount_socialapp_sites_site_id_2579dee5 ON public.socialaccount_socialapp_sites USING btree (site_id);


--
-- Name: socialaccount_socialapp_sites_socialapp_id_97fb6e7d; Type: INDEX; Schema: public; Owner: XZelrAJNENgZthpxZSGUaCJvwLVJJslR
--

CREATE INDEX socialaccount_socialapp_sites_socialapp_id_97fb6e7d ON public.socialaccount_socialapp_sites USING btree (socialapp_id);


--
-- Name: socialaccount_socialtoken_account_id_951f210e; Type: INDEX; Schema: public; Owner: XZelrAJNENgZthpxZSGUaCJvwLVJJslR
--

CREATE INDEX socialaccount_socialtoken_account_id_951f210e ON public.socialaccount_socialtoken USING btree (account_id);


--
-- Name: socialaccount_socialtoken_app_id_636a42d7; Type: INDEX; Schema: public; Owner: XZelrAJNENgZthpxZSGUaCJvwLVJJslR
--

CREATE INDEX socialaccount_socialtoken_app_id_636a42d7 ON public.socialaccount_socialtoken USING btree (app_id);


--
-- Name: unique_verified_email; Type: INDEX; Schema: public; Owner: XZelrAJNENgZthpxZSGUaCJvwLVJJslR
--

CREATE UNIQUE INDEX unique_verified_email ON public.account_emailaddress USING btree (email) WHERE verified;


--
-- Name: users_user_email_243f6e77_like; Type: INDEX; Schema: public; Owner: XZelrAJNENgZthpxZSGUaCJvwLVJJslR
--

CREATE INDEX users_user_email_243f6e77_like ON public.users_user USING btree (email varchar_pattern_ops);


--
-- Name: users_user_groups_group_id_9afc8d0e; Type: INDEX; Schema: public; Owner: XZelrAJNENgZthpxZSGUaCJvwLVJJslR
--

CREATE INDEX users_user_groups_group_id_9afc8d0e ON public.users_user_groups USING btree (group_id);


--
-- Name: users_user_groups_user_id_5f6f5a90; Type: INDEX; Schema: public; Owner: XZelrAJNENgZthpxZSGUaCJvwLVJJslR
--

CREATE INDEX users_user_groups_user_id_5f6f5a90 ON public.users_user_groups USING btree (user_id);


--
-- Name: users_user_user_permissions_permission_id_0b93982e; Type: INDEX; Schema: public; Owner: XZelrAJNENgZthpxZSGUaCJvwLVJJslR
--

CREATE INDEX users_user_user_permissions_permission_id_0b93982e ON public.users_user_user_permissions USING btree (permission_id);


--
-- Name: users_user_user_permissions_user_id_20aca447; Type: INDEX; Schema: public; Owner: XZelrAJNENgZthpxZSGUaCJvwLVJJslR
--

CREATE INDEX users_user_user_permissions_user_id_20aca447 ON public.users_user_user_permissions USING btree (user_id);


--
-- Name: account_emailaddress account_emailaddress_user_id_2c513194_fk_users_user_id; Type: FK CONSTRAINT; Schema: public; Owner: XZelrAJNENgZthpxZSGUaCJvwLVJJslR
--

ALTER TABLE ONLY public.account_emailaddress
    ADD CONSTRAINT account_emailaddress_user_id_2c513194_fk_users_user_id FOREIGN KEY (user_id) REFERENCES public.users_user(id) DEFERRABLE INITIALLY DEFERRED;


--
-- Name: account_emailconfirmation account_emailconfirm_email_address_id_5b7f8c58_fk_account_e; Type: FK CONSTRAINT; Schema: public; Owner: XZelrAJNENgZthpxZSGUaCJvwLVJJslR
--

ALTER TABLE ONLY public.account_emailconfirmation
    ADD CONSTRAINT account_emailconfirm_email_address_id_5b7f8c58_fk_account_e FOREIGN KEY (email_address_id) REFERENCES public.account_emailaddress(id) DEFERRABLE INITIALLY DEFERRED;


--
-- Name: auth_group_permissions auth_group_permissio_permission_id_84c5c92e_fk_auth_perm; Type: FK CONSTRAINT; Schema: public; Owner: XZelrAJNENgZthpxZSGUaCJvwLVJJslR
--

ALTER TABLE ONLY public.auth_group_permissions
    ADD CONSTRAINT auth_group_permissio_permission_id_84c5c92e_fk_auth_perm FOREIGN KEY (permission_id) REFERENCES public.auth_permission(id) DEFERRABLE INITIALLY DEFERRED;


--
-- Name: auth_group_permissions auth_group_permissions_group_id_b120cbf9_fk_auth_group_id; Type: FK CONSTRAINT; Schema: public; Owner: XZelrAJNENgZthpxZSGUaCJvwLVJJslR
--

ALTER TABLE ONLY public.auth_group_permissions
    ADD CONSTRAINT auth_group_permissions_group_id_b120cbf9_fk_auth_group_id FOREIGN KEY (group_id) REFERENCES public.auth_group(id) DEFERRABLE INITIALLY DEFERRED;


--
-- Name: auth_permission auth_permission_content_type_id_2f476e4b_fk_django_co; Type: FK CONSTRAINT; Schema: public; Owner: XZelrAJNENgZthpxZSGUaCJvwLVJJslR
--

ALTER TABLE ONLY public.auth_permission
    ADD CONSTRAINT auth_permission_content_type_id_2f476e4b_fk_django_co FOREIGN KEY (content_type_id) REFERENCES public.django_content_type(id) DEFERRABLE INITIALLY DEFERRED;


--
-- Name: django_admin_log django_admin_log_content_type_id_c4bce8eb_fk_django_co; Type: FK CONSTRAINT; Schema: public; Owner: XZelrAJNENgZthpxZSGUaCJvwLVJJslR
--

ALTER TABLE ONLY public.django_admin_log
    ADD CONSTRAINT django_admin_log_content_type_id_c4bce8eb_fk_django_co FOREIGN KEY (content_type_id) REFERENCES public.django_content_type(id) DEFERRABLE INITIALLY DEFERRED;


--
-- Name: django_admin_log django_admin_log_user_id_c564eba6_fk_users_user_id; Type: FK CONSTRAINT; Schema: public; Owner: XZelrAJNENgZthpxZSGUaCJvwLVJJslR
--

ALTER TABLE ONLY public.django_admin_log
    ADD CONSTRAINT django_admin_log_user_id_c564eba6_fk_users_user_id FOREIGN KEY (user_id) REFERENCES public.users_user(id) DEFERRABLE INITIALLY DEFERRED;


--
-- Name: portfolio_form portfolio_form_contact_id_361d3a62_fk_portfolio_contact_id; Type: FK CONSTRAINT; Schema: public; Owner: XZelrAJNENgZthpxZSGUaCJvwLVJJslR
--

ALTER TABLE ONLY public.portfolio_form
    ADD CONSTRAINT portfolio_form_contact_id_361d3a62_fk_portfolio_contact_id FOREIGN KEY (contact_id) REFERENCES public.portfolio_contact(id) DEFERRABLE INITIALLY DEFERRED;


--
-- Name: portfolio_headerlinks portfolio_headerlinks_header_id_779a7f7d_fk_portfolio_header_id; Type: FK CONSTRAINT; Schema: public; Owner: XZelrAJNENgZthpxZSGUaCJvwLVJJslR
--

ALTER TABLE ONLY public.portfolio_headerlinks
    ADD CONSTRAINT portfolio_headerlinks_header_id_779a7f7d_fk_portfolio_header_id FOREIGN KEY (header_id) REFERENCES public.portfolio_header(id) DEFERRABLE INITIALLY DEFERRED;


--
-- Name: portfolio_portfolioimage portfolio_portfolioi_portfolio_id_f77a253c_fk_portfolio; Type: FK CONSTRAINT; Schema: public; Owner: XZelrAJNENgZthpxZSGUaCJvwLVJJslR
--

ALTER TABLE ONLY public.portfolio_portfolioimage
    ADD CONSTRAINT portfolio_portfolioi_portfolio_id_f77a253c_fk_portfolio FOREIGN KEY (portfolio_id) REFERENCES public.portfolio_portfolio(id) DEFERRABLE INITIALLY DEFERRED;


--
-- Name: portfolio_socialicons portfolio_socialicon_about_us_id_7de8d2d2_fk_portfolio; Type: FK CONSTRAINT; Schema: public; Owner: XZelrAJNENgZthpxZSGUaCJvwLVJJslR
--

ALTER TABLE ONLY public.portfolio_socialicons
    ADD CONSTRAINT portfolio_socialicon_about_us_id_7de8d2d2_fk_portfolio FOREIGN KEY (about_us_id) REFERENCES public.portfolio_aboutus(id) DEFERRABLE INITIALLY DEFERRED;


--
-- Name: portfolio_socialiconscontact portfolio_socialicon_contact_id_59a06804_fk_portfolio; Type: FK CONSTRAINT; Schema: public; Owner: XZelrAJNENgZthpxZSGUaCJvwLVJJslR
--

ALTER TABLE ONLY public.portfolio_socialiconscontact
    ADD CONSTRAINT portfolio_socialicon_contact_id_59a06804_fk_portfolio FOREIGN KEY (contact_id) REFERENCES public.portfolio_contact(id) DEFERRABLE INITIALLY DEFERRED;


--
-- Name: socialaccount_socialtoken socialaccount_social_account_id_951f210e_fk_socialacc; Type: FK CONSTRAINT; Schema: public; Owner: XZelrAJNENgZthpxZSGUaCJvwLVJJslR
--

ALTER TABLE ONLY public.socialaccount_socialtoken
    ADD CONSTRAINT socialaccount_social_account_id_951f210e_fk_socialacc FOREIGN KEY (account_id) REFERENCES public.socialaccount_socialaccount(id) DEFERRABLE INITIALLY DEFERRED;


--
-- Name: socialaccount_socialtoken socialaccount_social_app_id_636a42d7_fk_socialacc; Type: FK CONSTRAINT; Schema: public; Owner: XZelrAJNENgZthpxZSGUaCJvwLVJJslR
--

ALTER TABLE ONLY public.socialaccount_socialtoken
    ADD CONSTRAINT socialaccount_social_app_id_636a42d7_fk_socialacc FOREIGN KEY (app_id) REFERENCES public.socialaccount_socialapp(id) DEFERRABLE INITIALLY DEFERRED;


--
-- Name: socialaccount_socialapp_sites socialaccount_social_site_id_2579dee5_fk_django_si; Type: FK CONSTRAINT; Schema: public; Owner: XZelrAJNENgZthpxZSGUaCJvwLVJJslR
--

ALTER TABLE ONLY public.socialaccount_socialapp_sites
    ADD CONSTRAINT socialaccount_social_site_id_2579dee5_fk_django_si FOREIGN KEY (site_id) REFERENCES public.django_site(id) DEFERRABLE INITIALLY DEFERRED;


--
-- Name: socialaccount_socialapp_sites socialaccount_social_socialapp_id_97fb6e7d_fk_socialacc; Type: FK CONSTRAINT; Schema: public; Owner: XZelrAJNENgZthpxZSGUaCJvwLVJJslR
--

ALTER TABLE ONLY public.socialaccount_socialapp_sites
    ADD CONSTRAINT socialaccount_social_socialapp_id_97fb6e7d_fk_socialacc FOREIGN KEY (socialapp_id) REFERENCES public.socialaccount_socialapp(id) DEFERRABLE INITIALLY DEFERRED;


--
-- Name: socialaccount_socialaccount socialaccount_socialaccount_user_id_8146e70c_fk_users_user_id; Type: FK CONSTRAINT; Schema: public; Owner: XZelrAJNENgZthpxZSGUaCJvwLVJJslR
--

ALTER TABLE ONLY public.socialaccount_socialaccount
    ADD CONSTRAINT socialaccount_socialaccount_user_id_8146e70c_fk_users_user_id FOREIGN KEY (user_id) REFERENCES public.users_user(id) DEFERRABLE INITIALLY DEFERRED;


--
-- Name: users_user_groups users_user_groups_group_id_9afc8d0e_fk_auth_group_id; Type: FK CONSTRAINT; Schema: public; Owner: XZelrAJNENgZthpxZSGUaCJvwLVJJslR
--

ALTER TABLE ONLY public.users_user_groups
    ADD CONSTRAINT users_user_groups_group_id_9afc8d0e_fk_auth_group_id FOREIGN KEY (group_id) REFERENCES public.auth_group(id) DEFERRABLE INITIALLY DEFERRED;


--
-- Name: users_user_groups users_user_groups_user_id_5f6f5a90_fk_users_user_id; Type: FK CONSTRAINT; Schema: public; Owner: XZelrAJNENgZthpxZSGUaCJvwLVJJslR
--

ALTER TABLE ONLY public.users_user_groups
    ADD CONSTRAINT users_user_groups_user_id_5f6f5a90_fk_users_user_id FOREIGN KEY (user_id) REFERENCES public.users_user(id) DEFERRABLE INITIALLY DEFERRED;


--
-- Name: users_user_user_permissions users_user_user_perm_permission_id_0b93982e_fk_auth_perm; Type: FK CONSTRAINT; Schema: public; Owner: XZelrAJNENgZthpxZSGUaCJvwLVJJslR
--

ALTER TABLE ONLY public.users_user_user_permissions
    ADD CONSTRAINT users_user_user_perm_permission_id_0b93982e_fk_auth_perm FOREIGN KEY (permission_id) REFERENCES public.auth_permission(id) DEFERRABLE INITIALLY DEFERRED;


--
-- Name: users_user_user_permissions users_user_user_permissions_user_id_20aca447_fk_users_user_id; Type: FK CONSTRAINT; Schema: public; Owner: XZelrAJNENgZthpxZSGUaCJvwLVJJslR
--

ALTER TABLE ONLY public.users_user_user_permissions
    ADD CONSTRAINT users_user_user_permissions_user_id_20aca447_fk_users_user_id FOREIGN KEY (user_id) REFERENCES public.users_user(id) DEFERRABLE INITIALLY DEFERRED;


--
-- PostgreSQL database dump complete
--

